datetime,unix_time,latitude,longitude,elevation,speed
09:58.1,1440529798,4524.915511,7356.264389,33.19,0
09:58.2,1440529798,4524.915511,7356.264389,33.19,0
09:58.2,1440529798,4524.915511,7356.264389,33.188,0.01
09:58.2,1440529798,4524.915511,7356.264389,33.188,0.01
09:58.3,1440529798,4524.915511,7356.264389,33.188,0.01
09:58.3,1440529798,4524.915511,7356.264388,33.188,0.02
09:58.4,1440529798,4524.915511,7356.264388,33.188,0.02
09:58.4,1440529798,4524.915512,7356.264389,33.192,0.01
09:58.4,1440529798,4524.915512,7356.264389,33.192,0.01
09:58.5,1440529798,4524.915512,7356.264389,33.192,0.01
09:58.5,1440529799,4524.915513,7356.264388,33.192,0.01
09:58.6,1440529799,4524.915513,7356.264388,33.192,0.01
09:58.6,1440529799,4524.915512,7356.264388,33.192,0.01
09:58.6,1440529799,4524.915512,7356.264388,33.192,0.01
09:58.7,1440529799,4524.915512,7356.264388,33.192,0.01
09:58.7,1440529799,4524.915513,7356.264389,33.194,0.02
09:58.8,1440529799,4524.915513,7356.264389,33.194,0.02
09:58.8,1440529799,4524.915512,7356.264392,33.191,0.09
09:58.8,1440529799,4524.915512,7356.264392,33.191,0.09
09:58.9,1440529799,4524.915512,7356.264392,33.191,0.09
09:58.9,1440529799,4524.915512,7356.264395,33.19,0.13
09:59.0,1440529799,4524.915512,7356.264395,33.19,0.13
09:59.0,1440529799,4524.915511,7356.264397,33.192,0.13
09:59.0,1440529799,4524.915511,7356.264397,33.192,0.13
09:59.1,1440529799,4524.915511,7356.264397,33.192,0.13
09:59.1,1440529799,4524.915511,7356.264399,33.192,0.16
09:59.2,1440529799,4524.915511,7356.264399,33.192,0.16
09:59.2,1440529799,4524.91551,7356.264401,33.191,0.14
09:59.2,1440529799,4524.91551,7356.264401,33.191,0.14
09:59.3,1440529799,4524.91551,7356.264401,33.191,0.14
09:59.3,1440529799,4524.915511,7356.264401,33.192,0.1
09:59.4,1440529799,4524.915511,7356.264401,33.192,0.1
09:59.4,1440529799,4524.91551,7356.264402,33.192,0.07
09:59.4,1440529799,4524.91551,7356.264402,33.192,0.07
09:59.5,1440529799,4524.91551,7356.264402,33.192,0.07
09:59.5,1440529800,4524.915511,7356.264401,33.192,0.04
09:59.6,1440529800,4524.915511,7356.264401,33.192,0.04
09:59.6,1440529800,4524.91551,7356.264401,33.192,0.05
09:59.6,1440529800,4524.91551,7356.264401,33.192,0.05
09:59.7,1440529800,4524.91551,7356.264401,33.192,0.05
09:59.7,1440529800,4524.915511,7356.264401,33.192,0.04
09:59.8,1440529800,4524.915511,7356.264401,33.192,0.04
09:59.8,1440529800,4524.91551,7356.2644,33.192,0.05
09:59.8,1440529800,4524.91551,7356.2644,33.192,0.05
09:59.9,1440529800,4524.91551,7356.2644,33.192,0.05
09:59.9,1440529800,4524.915511,7356.2644,33.191,0.04
10:00.0,1440529800,4524.915511,7356.2644,33.191,0.04
10:00.0,1440529800,4524.915511,7356.264401,33.195,0.02
10:00.0,1440529800,4524.915511,7356.264401,33.195,0.02
10:00.1,1440529800,4524.915511,7356.264401,33.195,0.02
10:00.1,1440529800,4524.915511,7356.264401,33.196,0.02
10:00.2,1440529800,4524.915511,7356.264401,33.196,0.02
10:00.2,1440529800,4524.915511,7356.264402,33.196,0.02
10:00.2,1440529800,4524.915511,7356.264402,33.196,0.02
10:00.3,1440529800,4524.915511,7356.264402,33.196,0.02
10:00.3,1440529800,4524.915511,7356.264403,33.197,0.03
10:00.4,1440529800,4524.915511,7356.264403,33.197,0.03
10:00.4,1440529800,4524.915512,7356.264403,33.196,0.03
10:00.4,1440529800,4524.915512,7356.264403,33.196,0.03
10:00.5,1440529800,4524.915512,7356.264403,33.196,0.03
10:00.5,1440529801,4524.915513,7356.264403,33.197,0.02
10:00.6,1440529801,4524.915513,7356.264403,33.197,0.02
10:00.6,1440529801,4524.915512,7356.264404,33.193,0.04
10:00.6,1440529801,4524.915512,7356.264404,33.193,0.04
10:00.7,1440529801,4524.915512,7356.264404,33.193,0.04
10:00.7,1440529801,4524.915513,7356.264404,33.192,0.02
10:00.8,1440529801,4524.915513,7356.264404,33.192,0.02
10:00.8,1440529801,4524.915513,7356.264404,33.197,0.02
10:00.8,1440529801,4524.915513,7356.264404,33.197,0.02
10:00.9,1440529801,4524.915513,7356.264404,33.197,0.02
10:00.9,1440529801,4524.915514,7356.264405,33.195,0.02
10:01.0,1440529801,4524.915514,7356.264405,33.195,0.02
10:01.0,1440529801,4524.915514,7356.2644,33.197,0.09
10:01.0,1440529801,4524.915514,7356.2644,33.197,0.09
10:01.1,1440529801,4524.915514,7356.2644,33.197,0.09
10:01.1,1440529801,4524.915517,7356.264394,33.202,0.19
10:01.2,1440529801,4524.915517,7356.264394,33.202,0.19
10:01.2,1440529801,4524.915518,7356.264387,33.197,0.3
10:01.2,1440529801,4524.915518,7356.264387,33.197,0.3
10:01.3,1440529801,4524.915518,7356.264387,33.197,0.3
10:01.3,1440529801,4524.915523,7356.264374,33.2,0.49
10:01.4,1440529801,4524.915523,7356.264374,33.2,0.49
10:01.4,1440529801,4524.915526,7356.26436,33.198,0.65
10:01.4,1440529801,4524.915526,7356.26436,33.198,0.65
10:01.5,1440529801,4524.915526,7356.26436,33.198,0.65
10:01.5,1440529802,4524.915531,7356.264344,33.197,0.78
10:01.6,1440529802,4524.915531,7356.264344,33.197,0.78
10:01.6,1440529802,4524.915537,7356.26433,33.197,0.84
10:01.6,1440529802,4524.915537,7356.26433,33.197,0.84
10:01.7,1440529802,4524.915537,7356.26433,33.197,0.84
10:01.7,1440529802,4524.915545,7356.264313,33.197,0.93
10:01.8,1440529802,4524.915545,7356.264313,33.197,0.93
10:01.8,1440529802,4524.91555,7356.264294,33.196,1.03
10:01.8,1440529802,4524.91555,7356.264294,33.196,1.03
10:01.9,1440529802,4524.91555,7356.264294,33.196,1.03
10:01.9,1440529802,4524.91556,7356.264271,33.197,1.15
10:02.0,1440529802,4524.91556,7356.264271,33.197,1.15
10:02.0,1440529802,4524.915571,7356.264242,33.197,1.41
10:02.0,1440529802,4524.915571,7356.264242,33.197,1.41
10:02.1,1440529802,4524.915571,7356.264242,33.197,1.41
10:02.1,1440529802,4524.915585,7356.264206,33.197,1.7
10:02.2,1440529802,4524.915585,7356.264206,33.197,1.7
10:02.2,1440529802,4524.915602,7356.264161,33.199,2.14
10:02.2,1440529802,4524.915602,7356.264161,33.199,2.14
10:02.3,1440529802,4524.915602,7356.264161,33.199,2.14
10:02.3,1440529802,4524.915623,7356.264107,33.199,2.59
10:02.4,1440529802,4524.915623,7356.264107,33.199,2.59
10:02.4,1440529802,4524.915646,7356.264046,33.201,3.12
10:02.4,1440529802,4524.915646,7356.264046,33.201,3.12
10:02.5,1440529802,4524.915646,7356.264046,33.201,3.12
10:02.5,1440529803,4524.915676,7356.263974,33.199,3.65
10:02.6,1440529803,4524.915676,7356.263974,33.199,3.65
10:02.6,1440529803,4524.915708,7356.2639,33.198,4.12
10:02.6,1440529803,4524.915708,7356.2639,33.198,4.12
10:02.7,1440529803,4524.915708,7356.2639,33.198,4.12
10:02.7,1440529803,4524.915747,7356.263812,33.195,4.68
10:02.8,1440529803,4524.915747,7356.263812,33.195,4.68
10:02.8,1440529803,4524.915783,7356.263727,33.191,4.99
10:02.8,1440529803,4524.915783,7356.263727,33.191,4.99
10:02.9,1440529803,4524.915783,7356.263727,33.191,4.99
10:02.9,1440529803,4524.915825,7356.263632,33.19,5.34
10:03.0,1440529803,4524.915825,7356.263632,33.19,5.34
10:03.0,1440529803,4524.915865,7356.263539,33.194,5.52
10:03.0,1440529803,4524.915865,7356.263539,33.194,5.52
10:03.1,1440529803,4524.915865,7356.263539,33.194,5.52
10:03.1,1440529803,4524.915907,7356.263439,33.196,5.69
10:03.2,1440529803,4524.915907,7356.263439,33.196,5.69
10:03.2,1440529803,4524.915941,7356.263339,33.202,5.68
10:03.2,1440529803,4524.915941,7356.263339,33.202,5.68
10:03.3,1440529803,4524.915941,7356.263339,33.202,5.68
10:03.3,1440529803,4524.915981,7356.263237,33.207,5.72
10:03.4,1440529803,4524.915981,7356.263237,33.207,5.72
10:03.4,1440529803,4524.916018,7356.263141,33.211,5.57
10:03.4,1440529803,4524.916018,7356.263141,33.211,5.57
10:03.5,1440529803,4524.916018,7356.263141,33.211,5.57
10:03.5,1440529804,4524.916057,7356.263041,33.213,5.51
10:03.6,1440529804,4524.916057,7356.263041,33.213,5.51
10:03.6,1440529804,4524.916093,7356.262933,33.221,5.61
10:03.6,1440529804,4524.916093,7356.262933,33.221,5.61
10:03.7,1440529804,4524.916093,7356.262933,33.221,5.61
10:03.7,1440529804,4524.916132,7356.262827,33.223,5.63
10:03.8,1440529804,4524.916132,7356.262827,33.223,5.63
10:03.8,1440529804,4524.916169,7356.262723,33.224,5.58
10:03.8,1440529804,4524.916169,7356.262723,33.224,5.58
10:03.9,1440529804,4524.916169,7356.262723,33.224,5.58
10:03.9,1440529804,4524.916208,7356.262613,33.223,5.68
10:04.0,1440529804,4524.916208,7356.262613,33.223,5.68
10:04.0,1440529804,4524.916248,7356.262502,33.217,5.8
10:04.0,1440529804,4524.916248,7356.262502,33.217,5.8
10:04.1,1440529804,4524.916248,7356.262502,33.217,5.8
10:04.1,1440529804,4524.91629,7356.262386,33.208,5.94
10:04.2,1440529804,4524.91629,7356.262386,33.208,5.94
10:04.2,1440529804,4524.916341,7356.262266,33.209,6.29
10:04.2,1440529804,4524.916341,7356.262266,33.209,6.29
10:04.3,1440529804,4524.916341,7356.262266,33.209,6.29
10:04.3,1440529804,4524.916391,7356.262144,33.207,6.51
10:04.4,1440529804,4524.916391,7356.262144,33.207,6.51
10:04.4,1440529804,4524.916437,7356.262035,33.205,6.36
10:04.4,1440529804,4524.916437,7356.262035,33.205,6.36
10:04.5,1440529804,4524.916437,7356.262035,33.205,6.36
10:04.5,1440529805,4524.916489,7356.26192,33.212,6.43
10:04.6,1440529805,4524.916489,7356.26192,33.212,6.43
10:04.6,1440529805,4524.916533,7356.261799,33.216,6.47
10:04.6,1440529805,4524.916533,7356.261799,33.216,6.47
10:04.7,1440529805,4524.916533,7356.261799,33.216,6.47
10:04.7,1440529805,4524.916577,7356.261678,33.218,6.46
10:04.8,1440529805,4524.916577,7356.261678,33.218,6.46
10:04.8,1440529805,4524.916619,7356.261549,33.221,6.61
10:04.8,1440529805,4524.916619,7356.261549,33.221,6.61
10:04.9,1440529805,4524.916619,7356.261549,33.221,6.61
10:04.9,1440529805,4524.916659,7356.261415,33.221,6.76
10:05.0,1440529805,4524.916659,7356.261415,33.221,6.76
10:05.0,1440529805,4524.916705,7356.261291,33.222,6.74
10:05.0,1440529805,4524.916705,7356.261291,33.222,6.74
10:05.1,1440529805,4524.916705,7356.261291,33.222,6.74
10:05.1,1440529805,4524.916749,7356.26116,33.223,6.79
10:05.2,1440529805,4524.916749,7356.26116,33.223,6.79
10:05.2,1440529805,4524.916796,7356.261035,33.216,6.76
10:05.2,1440529805,4524.916796,7356.261035,33.216,6.76
10:05.3,1440529805,4524.916796,7356.261035,33.216,6.76
10:05.3,1440529805,4524.916848,7356.260912,33.212,6.73
10:05.4,1440529805,4524.916848,7356.260912,33.212,6.73
10:05.4,1440529805,4524.916903,7356.260785,33.213,6.86
10:05.4,1440529805,4524.916903,7356.260785,33.213,6.86
10:05.5,1440529805,4524.916903,7356.260785,33.213,6.86
10:05.5,1440529806,4524.91696,7356.260657,33.208,6.96
10:05.6,1440529806,4524.91696,7356.260657,33.208,6.96
10:05.6,1440529806,4524.917012,7356.260522,33.21,7.14
10:05.6,1440529806,4524.917012,7356.260522,33.21,7.14
10:05.7,1440529806,4524.917012,7356.260522,33.21,7.14
10:05.7,1440529806,4524.917064,7356.260382,33.211,7.33
10:05.8,1440529806,4524.917064,7356.260382,33.211,7.33
10:05.8,1440529806,4524.917107,7356.260243,33.209,7.31
10:05.8,1440529806,4524.917107,7356.260243,33.209,7.31
10:05.9,1440529806,4524.917107,7356.260243,33.209,7.31
10:05.9,1440529806,4524.917149,7356.260098,33.209,7.39
10:06.0,1440529806,4524.917149,7356.260098,33.209,7.39
10:06.0,1440529806,4524.9172,7356.259955,33.214,7.52
10:06.0,1440529806,4524.9172,7356.259955,33.214,7.52
10:06.1,1440529806,4524.9172,7356.259955,33.214,7.52
10:06.1,1440529806,4524.917247,7356.259806,33.216,7.62
10:06.2,1440529806,4524.917247,7356.259806,33.216,7.62
10:06.2,1440529806,4524.917305,7356.259655,33.213,7.88
10:06.2,1440529806,4524.917305,7356.259655,33.213,7.88
10:06.3,1440529806,4524.917305,7356.259655,33.213,7.88
10:06.3,1440529806,4524.917366,7356.259499,33.216,8.15
10:06.4,1440529806,4524.917366,7356.259499,33.216,8.15
10:06.4,1440529806,4524.917422,7356.259343,33.213,8.29
10:06.4,1440529806,4524.917422,7356.259343,33.213,8.29
10:06.5,1440529806,4524.917422,7356.259343,33.213,8.29
10:06.5,1440529807,4524.917483,7356.259185,33.211,8.46
10:06.6,1440529807,4524.917483,7356.259185,33.211,8.46
10:06.6,1440529807,4524.917537,7356.259023,33.209,8.56
10:06.6,1440529807,4524.917537,7356.259023,33.209,8.56
10:06.7,1440529807,4524.917537,7356.259023,33.209,8.56
10:06.7,1440529807,4524.917593,7356.258858,33.206,8.65
10:06.8,1440529807,4524.917593,7356.258858,33.206,8.65
10:06.8,1440529807,4524.917651,7356.258695,33.214,8.71
10:06.8,1440529807,4524.917651,7356.258695,33.214,8.71
10:06.9,1440529807,4524.917651,7356.258695,33.214,8.71
10:06.9,1440529807,4524.91771,7356.258525,33.223,8.84
10:07.0,1440529807,4524.91771,7356.258525,33.223,8.84
10:07.0,1440529807,4524.917772,7356.258354,33.214,9.01
10:07.0,1440529807,4524.917772,7356.258354,33.214,9.01
10:07.1,1440529807,4524.917772,7356.258354,33.214,9.01
10:07.1,1440529807,4524.917838,7356.258185,33.219,9.1
10:07.2,1440529807,4524.917838,7356.258185,33.219,9.1
10:07.2,1440529807,4524.917902,7356.258022,33.225,9.02
10:07.2,1440529807,4524.917902,7356.258022,33.225,9.02
10:07.3,1440529807,4524.917902,7356.258022,33.225,9.02
10:07.3,1440529807,4524.917969,7356.257852,33.222,9.1
10:07.4,1440529807,4524.917969,7356.257852,33.222,9.1
10:07.4,1440529807,4524.918028,7356.257674,33.22,9.23
10:07.4,1440529807,4524.918028,7356.257674,33.22,9.23
10:07.5,1440529807,4524.918028,7356.257674,33.22,9.23
10:07.5,1440529808,4524.91809,7356.257496,33.221,9.31
10:07.6,1440529808,4524.91809,7356.257496,33.221,9.31
10:07.6,1440529808,4524.91816,7356.257317,33.224,9.51
10:07.6,1440529808,4524.91816,7356.257317,33.224,9.51
10:07.7,1440529808,4524.91816,7356.257317,33.224,9.51
10:07.7,1440529808,4524.918226,7356.257133,33.227,9.65
10:07.8,1440529808,4524.918226,7356.257133,33.227,9.65
10:07.8,1440529808,4524.918293,7356.25695,33.222,9.75
10:07.8,1440529808,4524.918293,7356.25695,33.222,9.75
10:07.9,1440529808,4524.918293,7356.25695,33.222,9.75
10:07.9,1440529808,4524.918365,7356.25676,33.224,9.95
10:08.0,1440529808,4524.918365,7356.25676,33.224,9.95
10:08.0,1440529808,4524.918429,7356.256578,33.225,9.88
10:08.0,1440529808,4524.918429,7356.256578,33.225,9.88
10:08.1,1440529808,4524.918429,7356.256578,33.225,9.88
10:08.1,1440529808,4524.918497,7356.256388,33.224,9.96
10:08.2,1440529808,4524.918497,7356.256388,33.224,9.96
10:08.2,1440529808,4524.918558,7356.256196,33.222,9.99
10:08.2,1440529808,4524.918558,7356.256196,33.222,9.99
10:08.3,1440529808,4524.918558,7356.256196,33.222,9.99
10:08.3,1440529808,4524.918622,7356.256005,33.221,9.99
10:08.4,1440529808,4524.918622,7356.256005,33.221,9.99
10:08.4,1440529808,4524.918687,7356.255808,33.225,10.13
10:08.4,1440529808,4524.918687,7356.255808,33.225,10.13
10:08.5,1440529808,4524.918687,7356.255808,33.225,10.13
10:08.5,1440529809,4524.918755,7356.255609,33.229,10.26
10:08.6,1440529809,4524.918755,7356.255609,33.229,10.26
10:08.6,1440529809,4524.91882,7356.255408,33.221,10.38
10:08.6,1440529809,4524.91882,7356.255408,33.221,10.38
10:08.7,1440529809,4524.91882,7356.255408,33.221,10.38
10:08.7,1440529809,4524.918893,7356.255204,33.219,10.56
10:08.8,1440529809,4524.918893,7356.255204,33.219,10.56
10:08.8,1440529809,4524.918964,7356.254994,33.218,10.83
10:08.8,1440529809,4524.918964,7356.254994,33.218,10.83
10:08.9,1440529809,4524.918964,7356.254994,33.218,10.83
10:08.9,1440529809,4524.919037,7356.254782,33.216,11.01
10:09.0,1440529809,4524.919037,7356.254782,33.216,11.01
10:09.0,1440529809,4524.919106,7356.254576,33.218,10.98
10:09.0,1440529809,4524.919106,7356.254576,33.218,10.98
10:09.1,1440529809,4524.919106,7356.254576,33.218,10.98
10:09.1,1440529809,4524.919177,7356.254361,33.226,11.11
10:09.2,1440529809,4524.919177,7356.254361,33.226,11.11
10:09.2,1440529809,4524.919246,7356.254151,33.231,11.08
10:09.2,1440529809,4524.919246,7356.254151,33.231,11.08
10:09.3,1440529809,4524.919246,7356.254151,33.231,11.08
10:09.3,1440529809,4524.919317,7356.253938,33.234,11.09
10:09.4,1440529809,4524.919317,7356.253938,33.234,11.09
10:09.4,1440529809,4524.919389,7356.253728,33.22,11.07
10:09.4,1440529809,4524.919389,7356.253728,33.22,11.07
10:09.5,1440529809,4524.919389,7356.253728,33.22,11.07
10:09.5,1440529810,4524.919463,7356.253516,33.213,11.09
10:09.6,1440529810,4524.919463,7356.253516,33.213,11.09
10:09.6,1440529810,4524.919541,7356.253305,33.217,11.15
10:09.6,1440529810,4524.919541,7356.253305,33.217,11.15
10:09.7,1440529810,4524.919541,7356.253305,33.217,11.15
10:09.7,1440529810,4524.91962,7356.253093,33.223,11.19
10:09.8,1440529810,4524.91962,7356.253093,33.223,11.19
10:09.8,1440529810,4524.9197,7356.252879,33.227,11.31
10:09.8,1440529810,4524.9197,7356.252879,33.227,11.31
10:09.9,1440529810,4524.9197,7356.252879,33.227,11.31
10:09.9,1440529810,4524.919783,7356.252665,33.237,11.38
10:10.0,1440529810,4524.919783,7356.252665,33.237,11.38
10:10.0,1440529810,4524.919868,7356.252447,33.238,11.56
10:10.0,1440529810,4524.919868,7356.252447,33.238,11.56
10:10.1,1440529810,4524.919868,7356.252447,33.238,11.56
10:10.1,1440529810,4524.919955,7356.252227,33.24,11.72
10:10.2,1440529810,4524.919955,7356.252227,33.24,11.72
10:10.2,1440529810,4524.920037,7356.252,33.249,11.92
10:10.2,1440529810,4524.920037,7356.252,33.249,11.92
10:10.3,1440529810,4524.920037,7356.252,33.249,11.92
10:10.3,1440529810,4524.920122,7356.251771,33.259,12.1
10:10.4,1440529810,4524.920122,7356.251771,33.259,12.1
10:10.4,1440529810,4524.920202,7356.251546,33.259,12.08
10:10.4,1440529810,4524.920202,7356.251546,33.259,12.08
10:10.5,1440529810,4524.920202,7356.251546,33.259,12.08
10:10.5,1440529811,4524.920284,7356.251315,33.266,12.16
10:10.6,1440529811,4524.920284,7356.251315,33.266,12.16
10:10.6,1440529811,4524.920371,7356.251093,33.258,12.12
10:10.6,1440529811,4524.920371,7356.251093,33.258,12.12
10:10.7,1440529811,4524.920371,7356.251093,33.258,12.12
10:10.7,1440529811,4524.920455,7356.250869,33.253,12.06
10:10.8,1440529811,4524.920455,7356.250869,33.253,12.06
10:10.8,1440529811,4524.920536,7356.250643,33.261,12.01
10:10.8,1440529811,4524.920536,7356.250643,33.261,12.01
10:10.9,1440529811,4524.920536,7356.250643,33.261,12.01
10:10.9,1440529811,4524.920617,7356.250416,33.265,11.96
10:11.0,1440529811,4524.920617,7356.250416,33.265,11.96
10:11.0,1440529811,4524.920689,7356.250181,33.263,12.02
10:11.0,1440529811,4524.920689,7356.250181,33.263,12.02
10:11.1,1440529811,4524.920689,7356.250181,33.263,12.02
10:11.1,1440529811,4524.920763,7356.249944,33.263,12.06
10:11.2,1440529811,4524.920763,7356.249944,33.263,12.06
10:11.2,1440529811,4524.920847,7356.249712,33.261,12.16
10:11.2,1440529811,4524.920847,7356.249712,33.261,12.16
10:11.3,1440529811,4524.920847,7356.249712,33.261,12.16
10:11.3,1440529811,4524.92093,7356.249477,33.255,12.24
10:11.4,1440529811,4524.92093,7356.249477,33.255,12.24
10:11.4,1440529811,4524.921016,7356.249245,33.271,12.29
10:11.4,1440529811,4524.921016,7356.249245,33.271,12.29
10:11.5,1440529811,4524.921016,7356.249245,33.271,12.29
10:11.5,1440529812,4524.92111,7356.249013,33.286,12.39
10:11.6,1440529812,4524.92111,7356.249013,33.286,12.39
10:11.6,1440529812,4524.921192,7356.248774,33.279,12.48
10:11.6,1440529812,4524.921192,7356.248774,33.279,12.48
10:11.7,1440529812,4524.921192,7356.248774,33.279,12.48
10:11.7,1440529812,4524.921278,7356.248536,33.287,12.55
10:11.8,1440529812,4524.921278,7356.248536,33.287,12.55
10:11.8,1440529812,4524.921366,7356.248309,33.284,12.4
10:11.8,1440529812,4524.921366,7356.248309,33.284,12.4
10:11.9,1440529812,4524.921366,7356.248309,33.284,12.4
10:11.9,1440529812,4524.921452,7356.248073,33.279,12.42
10:12.0,1440529812,4524.921452,7356.248073,33.279,12.42
10:12.0,1440529812,4524.921546,7356.247837,33.277,12.58
10:12.0,1440529812,4524.921546,7356.247837,33.277,12.58
10:12.1,1440529812,4524.921546,7356.247837,33.277,12.58
10:12.1,1440529812,4524.921642,7356.247604,33.293,12.6
10:12.2,1440529812,4524.921642,7356.247604,33.293,12.6
10:12.2,1440529812,4524.92173,7356.24737,33.294,12.58
10:12.2,1440529812,4524.92173,7356.24737,33.294,12.58
10:12.3,1440529812,4524.92173,7356.24737,33.294,12.58
10:12.3,1440529812,4524.921825,7356.247127,33.301,12.74
10:12.4,1440529812,4524.921825,7356.247127,33.301,12.74
10:12.4,1440529812,4524.921919,7356.246877,33.302,12.74
10:12.4,1440529812,4524.921919,7356.246877,33.302,13.07
10:12.5,1440529812,4524.921919,7356.246877,33.302,13.07
10:12.5,1440529813,4524.922014,7356.246623,33.305,13.33
10:12.6,1440529813,4524.922014,7356.246623,33.305,13.33
10:12.6,1440529813,4524.922122,7356.246377,33.309,13.33
10:12.6,1440529813,4524.922122,7356.246377,33.309,13.53
10:12.7,1440529813,4524.922122,7356.246377,33.309,13.53
10:12.7,1440529813,4524.922225,7356.246123,33.32,13.73
10:12.8,1440529813,4524.922225,7356.246123,33.32,13.73
10:12.8,1440529813,4524.922324,7356.245879,33.322,13.62
10:12.8,1440529813,4524.922324,7356.245879,33.322,13.62
10:12.9,1440529813,4524.922324,7356.245879,33.322,13.62
10:12.9,1440529813,4524.922428,7356.245632,33.326,13.6
10:13.0,1440529813,4524.922428,7356.245632,33.326,13.6
10:13.0,1440529813,4524.922524,7356.245371,33.329,13.6
10:13.0,1440529813,4524.922524,7356.245371,33.329,13.78
10:13.1,1440529813,4524.922524,7356.245371,33.329,13.78
10:13.1,1440529813,4524.92262,7356.245116,33.329,13.75
10:13.2,1440529813,4524.92262,7356.245116,33.329,13.75
10:13.2,1440529813,4524.922712,7356.24486,33.327,13.75
10:13.2,1440529813,4524.922712,7356.24486,33.327,13.72
10:13.3,1440529813,4524.922712,7356.24486,33.327,13.72
10:13.3,1440529813,4524.922806,7356.244596,33.334,13.79
10:13.4,1440529813,4524.922806,7356.244596,33.334,13.79
10:13.4,1440529813,4524.922908,7356.244334,33.336,13.79
10:13.4,1440529813,4524.922908,7356.244334,33.336,13.97
10:13.5,1440529813,4524.922908,7356.244334,33.336,13.97
10:13.5,1440529814,4524.923006,7356.244066,33.342,14.1
10:13.6,1440529814,4524.923006,7356.244066,33.342,14.1
10:13.6,1440529814,4524.923101,7356.2438,33.343,14.1
10:13.6,1440529814,4524.923101,7356.2438,33.343,14.15
10:13.7,1440529814,4524.923101,7356.2438,33.343,14.15
10:13.7,1440529814,4524.923203,7356.243525,33.353,14.35
10:13.8,1440529814,4524.923203,7356.243525,33.353,14.35
10:13.8,1440529814,4524.923306,7356.243258,33.365,14.35
10:13.8,1440529814,4524.923306,7356.243258,33.365,14.4
10:13.9,1440529814,4524.923306,7356.243258,33.365,14.4
10:13.9,1440529814,4524.923407,7356.242987,33.375,14.44
10:14.0,1440529814,4524.923407,7356.242987,33.375,14.44
10:14.0,1440529814,4524.923507,7356.242718,33.376,14.44
10:14.0,1440529814,4524.923507,7356.242718,33.376,14.43
10:14.1,1440529814,4524.923507,7356.242718,33.376,14.43
10:14.1,1440529814,4524.923611,7356.24245,33.385,14.41
10:14.2,1440529814,4524.923611,7356.24245,33.385,14.41
10:14.2,1440529814,4524.923718,7356.242179,33.4,14.41
10:14.2,1440529814,4524.923718,7356.242179,33.4,14.5
10:14.3,1440529814,4524.923718,7356.242179,33.4,14.5
10:14.3,1440529814,4524.923824,7356.241903,33.409,14.62
10:14.4,1440529814,4524.923824,7356.241903,33.409,14.62
10:14.4,1440529814,4524.923927,7356.241624,33.417,14.62
10:14.4,1440529814,4524.923927,7356.241624,33.417,14.75
10:14.5,1440529814,4524.923927,7356.241624,33.417,14.75
10:14.5,1440529815,4524.924031,7356.241339,33.43,14.93
10:14.6,1440529815,4524.924031,7356.241339,33.43,14.93
10:14.6,1440529815,4524.924136,7356.241056,33.438,14.93
10:14.6,1440529815,4524.924136,7356.241056,33.438,15.06
10:14.7,1440529815,4524.924136,7356.241056,33.438,15.06
10:14.7,1440529815,4524.924242,7356.240768,33.449,15.19
10:14.8,1440529815,4524.924242,7356.240768,33.449,15.19
10:14.8,1440529815,4524.924352,7356.2405,33.457,15.19
10:14.8,1440529815,4524.924352,7356.2405,33.457,14.97
10:14.9,1440529815,4524.924352,7356.2405,33.457,14.97
10:14.9,1440529815,4524.924463,7356.240221,33.466,14.98
10:15.0,1440529815,4524.924463,7356.240221,33.466,14.98
10:15.0,1440529815,4524.924571,7356.239929,33.475,15.25
10:15.0,1440529815,4524.924571,7356.239929,33.475,15.25
10:15.1,1440529815,4524.924571,7356.239929,33.475,15.25
10:15.1,1440529815,4524.92468,7356.239643,33.479,15.28
10:15.2,1440529815,4524.92468,7356.239643,33.479,15.28
10:15.2,1440529815,4524.924791,7356.239367,33.483,15.28
10:15.2,1440529815,4524.924791,7356.239367,33.483,15.17
10:15.3,1440529815,4524.924791,7356.239367,33.483,15.17
10:15.3,1440529815,4524.924905,7356.23908,33.492,15.3
10:15.4,1440529815,4524.924905,7356.23908,33.492,15.3
10:15.4,1440529815,4524.92501,7356.238795,33.496,15.3
10:15.4,1440529815,4524.92501,7356.238795,33.496,15.25
10:15.5,1440529815,4524.92501,7356.238795,33.496,15.25
10:15.5,1440529816,4524.925123,7356.238515,33.506,15.2
10:15.6,1440529816,4524.925123,7356.238515,33.506,15.2
10:15.6,1440529816,4524.925239,7356.238227,33.502,15.37
10:15.6,1440529816,4524.925239,7356.238227,33.502,15.37
10:15.7,1440529816,4524.925239,7356.238227,33.502,15.37
10:15.7,1440529816,4524.925349,7356.237934,33.502,15.46
10:15.8,1440529816,4524.925349,7356.237934,33.502,15.46
10:15.8,1440529816,4524.925452,7356.237639,33.516,15.46
10:15.8,1440529816,4524.925452,7356.237639,33.516,15.53
10:15.9,1440529816,4524.925452,7356.237639,33.516,15.53
10:15.9,1440529816,4524.925562,7356.237341,33.524,15.66
10:16.0,1440529816,4524.925562,7356.237341,33.524,15.66
10:16.0,1440529816,4524.925673,7356.237061,33.527,15.45
10:16.0,1440529816,4524.925673,7356.237061,33.527,15.45
10:16.1,1440529816,4524.925673,7356.237061,33.527,15.45
10:16.1,1440529816,4524.925786,7356.236774,33.538,15.39
10:16.2,1440529816,4524.925786,7356.236774,33.538,15.39
10:16.2,1440529816,4524.925894,7356.236461,33.535,15.39
10:16.2,1440529816,4524.925894,7356.236461,33.535,15.85
10:16.3,1440529816,4524.925894,7356.236461,33.535,15.85
10:16.3,1440529816,4524.926005,7356.236153,33.534,16.07
10:16.4,1440529816,4524.926005,7356.236153,33.534,16.07
10:16.4,1440529816,4524.926116,7356.235848,33.541,16.07
10:16.4,1440529816,4524.926116,7356.235848,33.541,16.18
10:16.5,1440529816,4524.926116,7356.235848,33.541,16.18
10:16.5,1440529817,4524.926227,7356.235532,33.552,16.47
10:16.6,1440529817,4524.926227,7356.235532,33.552,16.47
10:16.6,1440529817,4524.926341,7356.235232,33.547,16.47
10:16.6,1440529817,4524.926341,7356.235232,33.547,16.32
10:16.7,1440529817,4524.926341,7356.235232,33.547,16.32
10:16.7,1440529817,4524.926459,7356.23494,33.555,16.12
10:16.8,1440529817,4524.926459,7356.23494,33.555,16.12
10:16.8,1440529817,4524.926568,7356.234627,33.561,16.12
10:16.8,1440529817,4524.926568,7356.234627,33.561,16.27
10:16.9,1440529817,4524.926568,7356.234627,33.561,16.27
10:16.9,1440529817,4524.926683,7356.234323,33.558,16.24
10:17.0,1440529817,4524.926683,7356.234323,33.558,16.24
10:17.0,1440529817,4524.926806,7356.234015,33.58,16.24
10:17.0,1440529817,4524.926806,7356.234015,33.58,16.42
10:17.1,1440529817,4524.926806,7356.234015,33.58,16.42
10:17.1,1440529817,4524.926927,7356.233696,33.592,16.71
10:17.2,1440529817,4524.926927,7356.233696,33.592,16.71
10:17.2,1440529817,4524.927045,7356.233382,33.589,16.71
10:17.2,1440529817,4524.927045,7356.233382,33.589,16.8
10:17.3,1440529817,4524.927045,7356.233382,33.589,16.8
10:17.3,1440529817,4524.927169,7356.233065,33.602,16.95
10:17.4,1440529817,4524.927169,7356.233065,33.602,16.95
10:17.4,1440529817,4524.927289,7356.23275,33.607,16.98
10:17.4,1440529817,4524.927289,7356.23275,33.607,16.98
10:17.5,1440529817,4524.927289,7356.23275,33.607,16.98
10:17.5,1440529818,4524.927408,7356.232431,33.611,17.01
10:17.6,1440529818,4524.927408,7356.232431,33.611,17.01
10:17.6,1440529818,4524.927526,7356.232113,33.621,17.01
10:17.6,1440529818,4524.927526,7356.232113,33.621,17.02
10:17.7,1440529818,4524.927526,7356.232113,33.621,17.02
10:17.7,1440529818,4524.927644,7356.231791,33.629,17.05
10:17.8,1440529818,4524.927644,7356.231791,33.629,17.05
10:17.8,1440529818,4524.92777,7356.231464,33.631,17.05
10:17.8,1440529818,4524.92777,7356.231464,33.631,17.31
10:17.9,1440529818,4524.92777,7356.231464,33.631,17.31
10:17.9,1440529818,4524.927895,7356.231135,33.641,17.46
10:18.0,1440529818,4524.927895,7356.231135,33.641,17.46
10:18.0,1440529818,4524.928018,7356.23081,33.651,17.46
10:18.0,1440529818,4524.928018,7356.23081,33.651,17.49
10:18.1,1440529818,4524.928018,7356.23081,33.651,17.49
10:18.1,1440529818,4524.928145,7356.230476,33.66,17.67
10:18.2,1440529818,4524.928145,7356.230476,33.66,17.67
10:18.2,1440529818,4524.928271,7356.23015,33.665,17.67
10:18.2,1440529818,4524.928271,7356.23015,33.665,17.64
10:18.3,1440529818,4524.928271,7356.23015,33.665,17.64
10:18.3,1440529818,4524.928396,7356.229822,33.67,17.62
10:18.4,1440529818,4524.928396,7356.229822,33.67,17.62
10:18.4,1440529818,4524.928522,7356.229492,33.675,17.66
10:18.4,1440529818,4524.928522,7356.229492,33.675,17.66
10:18.5,1440529818,4524.928522,7356.229492,33.675,17.66
10:18.5,1440529819,4524.928646,7356.229163,33.678,17.61
10:18.6,1440529819,4524.928646,7356.229163,33.678,17.61
10:18.6,1440529819,4524.928769,7356.228825,33.681,17.61
10:18.6,1440529819,4524.928769,7356.228825,33.681,17.75
10:18.7,1440529819,4524.928769,7356.228825,33.681,17.75
10:18.7,1440529819,4524.928891,7356.228482,33.686,17.89
10:18.8,1440529819,4524.928891,7356.228482,33.686,17.89
10:18.8,1440529819,4524.929015,7356.228153,33.684,17.89
10:18.8,1440529819,4524.929015,7356.228153,33.684,17.8
10:18.9,1440529819,4524.929015,7356.228153,33.684,17.8
10:18.9,1440529819,4524.929138,7356.227811,33.691,17.89
10:19.0,1440529819,4524.929138,7356.227811,33.691,17.89
10:19.0,1440529819,4524.929261,7356.22747,33.696,17.89
10:19.0,1440529819,4524.929261,7356.22747,33.696,17.98
10:19.1,1440529819,4524.929261,7356.22747,33.696,17.98
10:19.1,1440529819,4524.929386,7356.227139,33.702,17.85
10:19.2,1440529819,4524.929386,7356.227139,33.702,17.85
10:19.2,1440529819,4524.929516,7356.22679,33.707,18.17
10:19.2,1440529819,4524.929516,7356.22679,33.707,18.17
10:19.3,1440529819,4524.929516,7356.22679,33.707,18.17
10:19.3,1440529819,4524.929646,7356.22644,33.711,18.38
10:19.4,1440529819,4524.929646,7356.22644,33.711,18.38
10:19.4,1440529819,4524.929775,7356.226096,33.724,18.38
10:19.4,1440529819,4524.929775,7356.226096,33.724,18.41
10:19.5,1440529819,4524.929775,7356.226096,33.724,18.41
10:19.5,1440529820,4524.929908,7356.225739,33.733,18.72
10:19.6,1440529820,4524.929908,7356.225739,33.733,18.72
10:19.6,1440529820,4524.930031,7356.22541,33.744,18.23
10:19.6,1440529820,4524.930031,7356.22541,33.744,18.23
10:19.7,1440529820,4524.930031,7356.22541,33.744,18.23
10:19.7,1440529820,4524.930156,7356.225077,33.752,17.97
10:19.8,1440529820,4524.930156,7356.225077,33.752,17.97
10:19.8,1440529820,4524.930279,7356.22472,33.746,18.29
10:19.8,1440529820,4524.930279,7356.22472,33.746,18.29
10:19.9,1440529820,4524.930279,7356.22472,33.746,18.29
10:19.9,1440529820,4524.9304,7356.224373,33.746,18.22
10:20.0,1440529820,4524.9304,7356.224373,33.746,18.22
10:20.0,1440529820,4524.930538,7356.224018,33.762,18.22
10:20.0,1440529820,4524.930538,7356.224018,33.762,18.57
10:20.1,1440529820,4524.930538,7356.224018,33.762,18.57
10:20.1,1440529820,4524.930673,7356.223653,33.775,18.98
10:20.2,1440529820,4524.930673,7356.223653,33.775,18.98
10:20.2,1440529820,4524.930794,7356.223307,33.779,18.7
10:20.2,1440529820,4524.930794,7356.223307,33.779,18.7
10:20.3,1440529820,4524.930794,7356.223307,33.779,18.7
10:20.3,1440529820,4524.930926,7356.222958,33.791,18.67
10:20.4,1440529820,4524.930926,7356.222958,33.791,18.67
10:20.4,1440529820,4524.931059,7356.222607,33.79,18.67
10:20.4,1440529820,4524.931059,7356.222607,33.79,18.72
10:20.5,1440529820,4524.931059,7356.222607,33.79,18.72
10:20.5,1440529821,4524.931187,7356.222259,33.788,18.58
10:20.5,1440529821,4524.931187,7356.222259,33.788,18.58
10:20.6,1440529821,4524.931324,7356.221904,33.801,18.58
10:20.6,1440529821,4524.931324,7356.221904,33.801,18.77
10:20.7,1440529821,4524.931324,7356.221904,33.801,18.77
10:20.7,1440529821,4524.931463,7356.221546,33.81,18.96
10:20.7,1440529821,4524.931463,7356.221546,33.81,18.96
10:20.8,1440529821,4524.931596,7356.221188,33.81,18.96
10:20.8,1440529821,4524.931596,7356.221188,33.81,19.05
10:20.9,1440529821,4524.931596,7356.221188,33.81,19.05
10:20.9,1440529821,4524.931733,7356.220829,33.819,19.14
10:21.0,1440529821,4524.931733,7356.220829,33.819,19.14
10:21.0,1440529821,4524.931868,7356.220473,33.832,19.14
10:21.0,1440529821,4524.931868,7356.220473,33.832,19.14
10:21.1,1440529821,4524.931868,7356.220473,33.832,19.14
10:21.1,1440529821,4524.931998,7356.220112,33.836,19.1
10:21.1,1440529821,4524.931998,7356.220112,33.836,19.1
10:21.2,1440529821,4524.93213,7356.219757,33.831,19.1
10:21.2,1440529821,4524.93213,7356.219757,33.831,19.04
10:21.3,1440529821,4524.93213,7356.219757,33.831,19.04
10:21.3,1440529821,4524.932264,7356.219398,33.84,19.03
10:21.3,1440529821,4524.932264,7356.219398,33.84,19.03
10:21.4,1440529821,4524.932398,7356.219041,33.849,19.03
10:21.4,1440529821,4524.932398,7356.219041,33.849,19.02
10:21.5,1440529821,4524.932398,7356.219041,33.849,19.02
10:21.5,1440529822,4524.932537,7356.218686,33.856,19.02
10:21.5,1440529822,4524.932537,7356.218686,33.856,19.02
10:21.6,1440529822,4524.932676,7356.218336,33.855,19.02
10:21.6,1440529822,4524.932676,7356.218336,33.855,18.95
10:21.7,1440529822,4524.932676,7356.218336,33.855,18.95
10:21.7,1440529822,4524.932821,7356.217985,33.861,18.97
10:21.8,1440529822,4524.932821,7356.217985,33.861,18.97
10:21.8,1440529822,4524.932956,7356.217627,33.866,18.97
10:21.8,1440529822,4524.932956,7356.217627,33.866,19.01
10:21.9,1440529822,4524.932956,7356.217627,33.866,19.01
10:21.9,1440529822,4524.933091,7356.217275,33.87,18.94
10:21.9,1440529822,4524.933091,7356.217275,33.87,18.94
10:22.0,1440529822,4524.933223,7356.216925,33.88,18.94
10:22.0,1440529822,4524.933223,7356.216925,33.88,18.78
10:22.1,1440529822,4524.933223,7356.216925,33.88,18.78
10:22.1,1440529822,4524.933352,7356.216576,33.884,18.63
10:22.1,1440529822,4524.933352,7356.216576,33.884,18.63
10:22.2,1440529822,4524.933482,7356.216231,33.891,18.63
10:22.2,1440529822,4524.933482,7356.216231,33.891,18.46
10:22.3,1440529822,4524.933482,7356.216231,33.891,18.46
10:22.3,1440529822,4524.933615,7356.215886,33.897,18.36
10:22.3,1440529822,4524.933615,7356.215886,33.897,18.36
10:22.4,1440529822,4524.933745,7356.215542,33.906,18.36
10:22.4,1440529822,4524.933745,7356.215542,33.906,18.3
10:22.5,1440529822,4524.933745,7356.215542,33.906,18.3
10:22.5,1440529823,4524.933876,7356.215203,33.915,18.17
10:22.6,1440529823,4524.933876,7356.215203,33.915,18.17
10:22.6,1440529823,4524.934012,7356.214866,33.918,18.17
10:22.6,1440529823,4524.934012,7356.214866,33.918,18.11
10:22.7,1440529823,4524.934012,7356.214866,33.918,18.11
10:22.7,1440529823,4524.93414,7356.214531,33.921,17.96
10:22.7,1440529823,4524.93414,7356.214531,33.921,17.96
10:22.8,1440529823,4524.934266,7356.214192,33.922,17.96
10:22.8,1440529823,4524.934266,7356.214192,33.922,17.9
10:22.9,1440529823,4524.934266,7356.214192,33.922,17.9
10:22.9,1440529823,4524.934394,7356.213855,33.924,17.87
10:22.9,1440529823,4524.934394,7356.213855,33.924,17.87
10:23.0,1440529823,4524.934521,7356.213521,33.926,17.87
10:23.0,1440529823,4524.934521,7356.213521,33.926,17.78
10:23.1,1440529823,4524.934521,7356.213521,33.926,17.78
10:23.1,1440529823,4524.934644,7356.213186,33.927,17.72
10:23.1,1440529823,4524.934644,7356.213186,33.927,17.72
10:23.2,1440529823,4524.934767,7356.212858,33.925,17.72
10:23.2,1440529823,4524.934767,7356.212858,33.925,17.53
10:23.3,1440529823,4524.934767,7356.212858,33.925,17.53
10:23.3,1440529823,4524.934889,7356.212533,33.92,17.36
10:23.4,1440529823,4524.934889,7356.212533,33.92,17.36
10:23.4,1440529823,4524.935011,7356.212207,33.915,17.36
10:23.4,1440529823,4524.935011,7356.212207,33.915,17.25
10:23.5,1440529823,4524.935011,7356.212207,33.915,17.25
10:23.5,1440529824,4524.935134,7356.211888,33.91,17.1
10:23.6,1440529824,4524.935134,7356.211888,33.91,17.1
10:23.6,1440529824,4524.935253,7356.211562,33.904,17.1
10:23.6,1440529824,4524.935253,7356.211562,33.904,17.06
10:23.7,1440529824,4524.935253,7356.211562,33.904,17.06
10:23.7,1440529824,4524.935372,7356.211241,33.903,16.97
10:23.7,1440529824,4524.935372,7356.211241,33.903,16.97
10:23.8,1440529824,4524.935491,7356.210914,33.899,16.97
10:23.8,1440529824,4524.935491,7356.210914,33.899,17.06
10:23.9,1440529824,4524.935491,7356.210914,33.899,17.06
10:23.9,1440529824,4524.935609,7356.210592,33.898,17.02
10:24.0,1440529824,4524.935609,7356.210592,33.898,17.02
10:24.0,1440529824,4524.935728,7356.210281,33.895,17.02
10:24.0,1440529824,4524.935728,7356.210281,33.895,16.78
10:24.1,1440529824,4524.935728,7356.210281,33.895,16.78
10:24.1,1440529824,4524.935848,7356.20997,33.893,16.67
10:24.1,1440529824,4524.935848,7356.20997,33.893,16.67
10:24.2,1440529824,4524.935971,7356.209654,33.891,16.67
10:24.2,1440529824,4524.935971,7356.209654,33.891,16.73
10:24.3,1440529824,4524.935971,7356.209654,33.891,16.73
10:24.3,1440529824,4524.936092,7356.209349,33.887,16.53
10:24.3,1440529824,4524.936092,7356.209349,33.887,16.53
10:24.4,1440529824,4524.936212,7356.20904,33.888,16.53
10:24.4,1440529824,4524.936212,7356.20904,33.888,16.48
10:24.5,1440529824,4524.936212,7356.20904,33.888,16.48
10:24.5,1440529825,4524.936332,7356.208733,33.887,16.45
10:24.5,1440529825,4524.936332,7356.208733,33.887,16.45
10:24.6,1440529825,4524.936447,7356.208433,33.896,16.45
10:24.6,1440529825,4524.936447,7356.208433,33.896,16.21
10:24.7,1440529825,4524.936447,7356.208433,33.896,16.21
10:24.7,1440529825,4524.936563,7356.208134,33.897,16.07
10:24.7,1440529825,4524.936563,7356.208134,33.897,16.07
10:24.8,1440529825,4524.936677,7356.207828,33.897,16.07
10:24.8,1440529825,4524.936677,7356.207828,33.897,16.08
10:24.9,1440529825,4524.936677,7356.207828,33.897,16.08
10:24.9,1440529825,4524.936789,7356.20753,33.892,15.93
10:24.9,1440529825,4524.936789,7356.20753,33.892,15.93
10:25.0,1440529825,4524.936903,7356.20723,33.9,15.93
10:25.0,1440529825,4524.936903,7356.20723,33.9,15.9
10:25.1,1440529825,4524.936903,7356.20723,33.9,15.9
10:25.1,1440529825,4524.937017,7356.206928,33.899,15.93
10:25.1,1440529825,4524.937017,7356.206928,33.899,15.93
10:25.2,1440529825,4524.937127,7356.206636,33.904,15.93
10:25.2,1440529825,4524.937127,7356.206636,33.904,15.71
10:25.3,1440529825,4524.937127,7356.206636,33.904,15.71
10:25.3,1440529825,4524.93724,7356.206347,33.907,15.58
10:25.3,1440529825,4524.93724,7356.206347,33.907,15.58
10:25.4,1440529825,4524.93735,7356.206049,33.901,15.58
10:25.4,1440529825,4524.93735,7356.206049,33.901,15.61
10:25.5,1440529825,4524.93735,7356.206049,33.901,15.61
10:25.5,1440529826,4524.93746,7356.205761,33.896,15.46
10:25.5,1440529826,4524.93746,7356.205761,33.896,15.46
10:25.6,1440529826,4524.93757,7356.205478,33.901,15.46
10:25.6,1440529826,4524.93757,7356.205478,33.901,15.26
10:25.7,1440529826,4524.93757,7356.205478,33.901,15.26
10:25.7,1440529826,4524.937679,7356.20519,33.897,15.23
10:25.7,1440529826,4524.937679,7356.20519,33.897,15.23
10:25.8,1440529826,4524.937786,7356.204908,33.89,15.23
10:25.8,1440529826,4524.937786,7356.204908,33.89,15.09
10:25.9,1440529826,4524.937786,7356.204908,33.89,15.09
10:25.9,1440529826,4524.93789,7356.204632,33.89,14.85
10:25.9,1440529826,4524.93789,7356.204632,33.89,14.85
10:26.0,1440529826,4524.937993,7356.204359,33.891,14.85
10:26.0,1440529826,4524.937993,7356.204359,33.891,14.6
10:26.1,1440529826,4524.937993,7356.204359,33.891,14.6
10:26.1,1440529826,4524.938094,7356.204088,33.89,14.4
10:26.1,1440529826,4524.938094,7356.204088,33.89,14.4
10:26.2,1440529826,4524.938199,7356.20381,33.883,14.4
10:26.2,1440529826,4524.938199,7356.20381,33.883,14.47
10:26.3,1440529826,4524.938199,7356.20381,33.883,14.47
10:26.3,1440529826,4524.9383,7356.203532,33.878,14.47
10:26.4,1440529826,4524.9383,7356.203532,33.878,14.47
10:26.4,1440529826,4524.938399,7356.203249,33.888,14.47
10:26.4,1440529826,4524.938399,7356.203249,33.888,14.59
10:26.5,1440529826,4524.938399,7356.203249,33.888,14.59
10:26.5,1440529827,4524.938499,7356.202968,33.89,14.66
10:26.5,1440529827,4524.938499,7356.202968,33.89,14.66
10:26.6,1440529827,4524.938588,7356.202692,33.894,14.66
10:26.6,1440529827,4524.938588,7356.202692,33.894,14.48
10:26.7,1440529827,4524.938588,7356.202692,33.894,14.48
10:26.7,1440529827,4524.938677,7356.202417,33.9,14.35
10:26.7,1440529827,4524.938677,7356.202417,33.9,14.35
10:26.8,1440529827,4524.938769,7356.202151,33.894,14.35
10:26.8,1440529827,4524.938769,7356.202151,33.894,14.08
10:26.9,1440529827,4524.938769,7356.202151,33.894,14.08
10:26.9,1440529827,4524.938859,7356.201891,33.891,13.78
10:26.9,1440529827,4524.938859,7356.201891,33.891,13.78
10:27.0,1440529827,4524.938954,7356.201639,33.901,13.78
10:27.0,1440529827,4524.938954,7356.201639,33.901,13.46
10:27.1,1440529827,4524.938954,7356.201639,33.901,13.46
10:27.1,1440529827,4524.939051,7356.201387,33.898,13.31
10:27.1,1440529827,4524.939051,7356.201387,33.898,13.31
10:27.2,1440529827,4524.939149,7356.201108,33.882,13.31
10:27.2,1440529827,4524.939149,7356.201108,33.882,13.79
10:27.3,1440529827,4524.939149,7356.201108,33.882,13.79
10:27.3,1440529827,4524.93925,7356.200839,33.879,14
10:27.3,1440529827,4524.93925,7356.200839,33.879,14
10:27.4,1440529827,4524.939345,7356.200597,33.885,14
10:27.4,1440529827,4524.939345,7356.200597,33.885,13.55
10:27.5,1440529827,4524.939345,7356.200597,33.885,13.55
10:27.5,1440529828,4524.939443,7356.200346,33.89,13.47
10:27.6,1440529828,4524.939443,7356.200346,33.89,13.47
10:27.6,1440529828,4524.939527,7356.200087,33.9,13.47
10:27.6,1440529828,4524.939527,7356.200087,33.9,13.38
10:27.7,1440529828,4524.939527,7356.200087,33.9,13.38
10:27.7,1440529828,4524.939611,7356.199852,33.901,12.88
10:27.7,1440529828,4524.939611,7356.199852,33.901,12.88
10:27.8,1440529828,4524.939699,7356.199606,33.886,12.88
10:27.8,1440529828,4524.939699,7356.199606,33.886,12.79
10:27.9,1440529828,4524.939699,7356.199606,33.886,12.79
10:27.9,1440529828,4524.939787,7356.199352,33.865,12.87
10:27.9,1440529828,4524.939787,7356.199352,33.865,12.87
10:28.0,1440529828,4524.939882,7356.199115,33.864,12.87
10:28.0,1440529828,4524.939882,7356.199115,33.864,12.77
10:28.1,1440529828,4524.939882,7356.199115,33.864,12.77
10:28.1,1440529828,4524.939978,7356.198879,33.87,12.7
10:28.1,1440529828,4524.939978,7356.198879,33.87,12.7
10:28.2,1440529828,4524.94006,7356.198648,33.873,12.7
10:28.2,1440529828,4524.94006,7356.198648,33.873,12.4
10:28.3,1440529828,4524.94006,7356.198648,33.873,12.4
10:28.3,1440529828,4524.940139,7356.198427,33.883,11.98
10:28.3,1440529828,4524.940139,7356.198427,33.883,11.98
10:28.4,1440529828,4524.940222,7356.198199,33.89,11.98
10:28.4,1440529828,4524.940222,7356.198199,33.89,11.85
10:28.5,1440529829,4524.940295,7356.197972,33.861,11.67
10:28.6,1440529829,4524.940295,7356.197972,33.861,11.67
10:28.6,1440529829,4524.940295,7356.197972,33.861,11.67
10:28.6,1440529829,4524.94039,7356.197741,33.872,11.67
10:28.6,1440529829,4524.94039,7356.197741,33.872,11.91
10:28.7,1440529829,4524.94039,7356.197741,33.872,11.91
10:28.7,1440529829,4524.940482,7356.197516,33.868,11.99
10:28.7,1440529829,4524.940482,7356.197516,33.868,11.99
10:28.8,1440529829,4524.940571,7356.197298,33.863,11.99
10:28.8,1440529829,4524.940571,7356.197298,33.863,11.88
10:28.9,1440529829,4524.940571,7356.197298,33.863,11.88
10:28.9,1440529829,4524.94066,7356.197079,33.876,11.85
10:28.9,1440529829,4524.94066,7356.197079,33.876,11.85
10:29.0,1440529829,4524.940738,7356.196864,33.885,11.85
10:29.0,1440529829,4524.940738,7356.196864,33.885,11.6
10:29.1,1440529829,4524.940738,7356.196864,33.885,11.6
10:29.1,1440529829,4524.940809,7356.196649,33.882,11.35
10:29.1,1440529829,4524.940809,7356.196649,33.882,11.35
10:29.2,1440529829,4524.940892,7356.196441,33.885,11.35
10:29.2,1440529829,4524.940892,7356.196441,33.885,11.2
10:29.3,1440529829,4524.940892,7356.196441,33.885,11.2
10:29.3,1440529829,4524.940968,7356.196233,33.881,11.02
10:29.3,1440529829,4524.940968,7356.196233,33.881,11.02
10:29.4,1440529829,4524.941049,7356.196023,33.889,11.02
10:29.4,1440529829,4524.941049,7356.196023,33.889,11.01
10:29.5,1440529829,4524.941049,7356.196023,33.889,11.01
10:29.5,1440529830,4524.941129,7356.195818,33.894,10.94
10:29.5,1440529830,4524.941129,7356.195818,33.894,10.94
10:29.6,1440529830,4524.941205,7356.195604,33.911,10.94
10:29.6,1440529830,4524.941205,7356.195604,33.911,11.02
10:29.7,1440529830,4524.941205,7356.195604,33.911,11.02
10:29.7,1440529830,4524.941278,7356.195392,33.92,11.02
10:29.7,1440529830,4524.941278,7356.195392,33.92,11.02
10:29.8,1440529830,4524.941278,7356.195392,33.92,11.02
10:29.8,1440529830,4524.94136,7356.195189,33.917,10.95
10:29.9,1440529830,4524.94136,7356.195189,33.917,10.95
10:29.9,1440529830,4524.941437,7356.194982,33.92,10.94
10:29.9,1440529830,4524.941437,7356.194982,33.92,10.94
10:30.0,1440529830,4524.941517,7356.19478,33.928,10.94
10:30.0,1440529830,4524.941517,7356.19478,33.928,10.87
10:30.1,1440529830,4524.941517,7356.19478,33.928,10.87
10:30.1,1440529830,4524.941596,7356.194583,33.928,10.74
10:30.1,1440529830,4524.941596,7356.194583,33.928,10.74
10:30.2,1440529830,4524.941665,7356.194387,33.934,10.74
10:30.2,1440529830,4524.941665,7356.194387,33.934,10.5
10:30.3,1440529830,4524.941665,7356.194387,33.934,10.5
10:30.3,1440529830,4524.941735,7356.194195,33.94,10.27
10:30.3,1440529830,4524.941735,7356.194195,33.94,10.27
10:30.4,1440529830,4524.94181,7356.193999,33.942,10.27
10:30.4,1440529830,4524.94181,7356.193999,33.942,10.26
10:30.5,1440529830,4524.94181,7356.193999,33.942,10.26
10:30.5,1440529831,4524.941879,7356.193813,33.946,10.05
10:30.5,1440529831,4524.941879,7356.193813,33.946,10.05
10:30.6,1440529831,4524.941952,7356.193623,33.946,10.05
10:30.6,1440529831,4524.941952,7356.193623,33.946,9.98
10:30.7,1440529831,4524.941952,7356.193623,33.946,9.98
10:30.7,1440529831,4524.942024,7356.193438,33.944,9.89
10:30.7,1440529831,4524.942024,7356.193438,33.944,9.89
10:30.8,1440529831,4524.942098,7356.193243,33.948,9.89
10:30.8,1440529831,4524.942098,7356.193243,33.948,10.06
10:30.9,1440529831,4524.942098,7356.193243,33.948,10.06
10:30.9,1440529831,4524.94217,7356.193051,33.951,10.1
10:30.9,1440529831,4524.94217,7356.193051,33.951,10.1
10:31.0,1440529831,4524.942243,7356.192876,33.958,10.1
10:31.0,1440529831,4524.942243,7356.192876,33.958,9.83
10:31.1,1440529831,4524.942243,7356.192876,33.958,9.83
10:31.1,1440529831,4524.942317,7356.192693,33.965,9.81
10:31.1,1440529831,4524.942317,7356.192693,33.965,9.81
10:31.2,1440529831,4524.942317,7356.192693,33.965,9.81
10:31.2,1440529831,4524.942388,7356.192504,33.964,9.89
10:31.3,1440529831,4524.942388,7356.192504,33.964,9.89
10:31.3,1440529831,4524.94246,7356.192328,33.97,9.73
10:31.3,1440529831,4524.94246,7356.192328,33.97,9.73
10:31.4,1440529831,4524.94246,7356.192328,33.97,9.73
10:31.4,1440529831,4524.942532,7356.192149,33.969,9.64
10:31.5,1440529831,4524.942532,7356.192149,33.969,9.64
10:31.5,1440529832,4524.9426,7356.191971,33.97,9.58
10:31.5,1440529832,4524.9426,7356.191971,33.97,9.58
10:31.6,1440529832,4524.942664,7356.191798,33.969,9.58
10:31.6,1440529832,4524.942664,7356.191798,33.969,9.35
10:31.7,1440529832,4524.942664,7356.191798,33.969,9.35
10:31.7,1440529832,4524.942728,7356.191623,33.969,9.25
10:31.7,1440529832,4524.942728,7356.191623,33.969,9.25
10:31.8,1440529832,4524.942728,7356.191623,33.969,9.25
10:31.8,1440529832,4524.942795,7356.191443,33.975,9.32
10:31.9,1440529832,4524.942795,7356.191443,33.975,9.32
10:31.9,1440529832,4524.942859,7356.191271,33.979,9.21
10:31.9,1440529832,4524.942859,7356.191271,33.979,9.21
10:32.0,1440529832,4524.942859,7356.191271,33.979,9.21
10:32.0,1440529832,4524.942923,7356.191103,33.98,9.04
10:32.1,1440529832,4524.942923,7356.191103,33.98,9.04
10:32.1,1440529832,4524.942988,7356.190937,33.979,8.94
10:32.1,1440529832,4524.942988,7356.190937,33.979,8.94
10:32.2,1440529832,4524.943057,7356.190764,33.981,8.94
10:32.2,1440529832,4524.943057,7356.190764,33.981,9.02
10:32.3,1440529832,4524.943057,7356.190764,33.981,9.02
10:32.3,1440529832,4524.943123,7356.190594,33.982,9.02
10:32.3,1440529832,4524.943123,7356.190594,33.982,9.02
10:32.4,1440529832,4524.943187,7356.190423,33.982,9.02
10:32.4,1440529832,4524.943187,7356.190423,33.982,9.03
10:32.5,1440529832,4524.943187,7356.190423,33.982,9.03
10:32.5,1440529833,4524.943252,7356.19025,33.984,9.11
10:32.5,1440529833,4524.943252,7356.19025,33.984,9.11
10:32.6,1440529833,4524.943312,7356.190076,33.976,9.11
10:32.6,1440529833,4524.943312,7356.190076,33.976,9.1
10:32.7,1440529833,4524.943312,7356.190076,33.976,9.1
10:32.7,1440529833,4524.943375,7356.189906,33.977,9.07
10:32.7,1440529833,4524.943375,7356.189906,33.977,9.07
10:32.8,1440529833,4524.943435,7356.189736,33.974,9.07
10:32.8,1440529833,4524.943435,7356.189736,33.974,9
10:32.9,1440529833,4524.943435,7356.189736,33.974,9
10:32.9,1440529833,4524.943496,7356.189571,33.974,8.88
10:32.9,1440529833,4524.943496,7356.189571,33.974,8.88
10:33.0,1440529833,4524.943557,7356.189411,33.975,8.88
10:33.0,1440529833,4524.943557,7356.189411,33.975,8.67
10:33.1,1440529833,4524.943557,7356.189411,33.975,8.67
10:33.1,1440529833,4524.943616,7356.189251,33.972,8.52
10:33.1,1440529833,4524.943616,7356.189251,33.972,8.52
10:33.2,1440529833,4524.943675,7356.189084,33.975,8.52
10:33.2,1440529833,4524.943675,7356.189084,33.975,8.57
10:33.3,1440529833,4524.943675,7356.189084,33.975,8.57
10:33.3,1440529833,4524.943731,7356.18892,33.969,8.5
10:33.3,1440529833,4524.943731,7356.18892,33.969,8.5
10:33.4,1440529833,4524.943792,7356.188753,33.96,8.5
10:33.4,1440529833,4524.943792,7356.188753,33.96,8.62
10:33.5,1440529833,4524.943792,7356.188753,33.96,8.62
10:33.5,1440529834,4524.943849,7356.188587,33.956,8.64
10:33.5,1440529834,4524.943849,7356.188587,33.956,8.64
10:33.6,1440529834,4524.94391,7356.188431,33.957,8.64
10:33.6,1440529834,4524.94391,7356.188431,33.957,8.5
10:33.7,1440529834,4524.94391,7356.188431,33.957,8.5
10:33.7,1440529834,4524.943972,7356.188272,33.958,8.48
10:33.7,1440529834,4524.943972,7356.188272,33.958,8.48
10:33.8,1440529834,4524.943972,7356.188272,33.958,8.48
10:33.8,1440529834,4524.944033,7356.188104,33.957,8.62
10:33.9,1440529834,4524.944033,7356.188104,33.957,8.62
10:33.9,1440529834,4524.944093,7356.187944,33.959,8.59
10:33.9,1440529834,4524.944093,7356.187944,33.959,8.59
10:34.0,1440529834,4524.944093,7356.187944,33.959,8.59
10:34.0,1440529834,4524.94415,7356.187792,33.955,8.34
10:34.1,1440529834,4524.94415,7356.187792,33.955,8.34
10:34.1,1440529834,4524.944204,7356.187634,33.955,8.27
10:34.1,1440529834,4524.944204,7356.187634,33.955,8.27
10:34.2,1440529834,4524.944267,7356.187485,33.95,8.27
10:34.2,1440529834,4524.944267,7356.187485,33.95,8.17
10:34.3,1440529834,4524.944267,7356.187485,33.95,8.17
10:34.3,1440529834,4524.944324,7356.187339,33.947,7.97
10:34.3,1440529834,4524.944324,7356.187339,33.947,7.97
10:34.4,1440529834,4524.944385,7356.187184,33.94,7.97
10:34.4,1440529834,4524.944385,7356.187184,33.94,8.05
10:34.5,1440529834,4524.944385,7356.187184,33.94,8.05
10:34.5,1440529835,4524.944448,7356.187039,33.938,7.99
10:34.5,1440529835,4524.944448,7356.187039,33.938,7.99
10:34.6,1440529835,4524.944504,7356.186903,33.942,7.99
10:34.6,1440529835,4524.944504,7356.186903,33.942,7.68
10:34.7,1440529835,4524.944504,7356.186903,33.942,7.68
10:34.7,1440529835,4524.94456,7356.186766,33.941,7.52
10:34.7,1440529835,4524.94456,7356.186766,33.941,7.52
10:34.8,1440529835,4524.94456,7356.186766,33.941,7.52
10:34.8,1440529835,4524.944617,7356.186619,33.938,7.6
10:34.9,1440529835,4524.944617,7356.186619,33.938,7.6
10:34.9,1440529835,4524.944668,7356.186485,33.942,7.37
10:34.9,1440529835,4524.944668,7356.186485,33.942,7.37
10:35.0,1440529835,4524.944718,7356.18635,33.935,7.37
10:35.0,1440529835,4524.944718,7356.18635,33.935,7.2
10:35.1,1440529835,4524.944718,7356.18635,33.935,7.2
10:35.1,1440529835,4524.944766,7356.186216,33.935,7.12
10:35.1,1440529835,4524.944766,7356.186216,33.935,7.12
10:35.2,1440529835,4524.944815,7356.186087,33.934,7.12
10:35.2,1440529835,4524.944815,7356.186087,33.934,6.93
10:35.3,1440529835,4524.944815,7356.186087,33.934,6.93
10:35.3,1440529835,4524.944862,7356.185964,33.926,6.71
10:35.3,1440529835,4524.944862,7356.185964,33.926,6.71
10:35.4,1440529835,4524.944917,7356.185841,33.928,6.71
10:35.4,1440529835,4524.944917,7356.185841,33.928,6.63
10:35.5,1440529835,4524.944917,7356.185841,33.928,6.63
10:35.5,1440529836,4524.944971,7356.185729,33.926,6.47
10:35.5,1440529836,4524.944971,7356.185729,33.926,6.47
10:35.6,1440529836,4524.945024,7356.185614,33.925,6.47
10:35.6,1440529836,4524.945024,7356.185614,33.925,6.34
10:35.7,1440529836,4524.945024,7356.185614,33.925,6.34
10:35.7,1440529836,4524.945078,7356.185507,33.929,6.23
10:35.7,1440529836,4524.945078,7356.185507,33.929,6.23
10:35.8,1440529836,4524.945078,7356.185507,33.929,6.23
10:35.8,1440529836,4524.945116,7356.185402,33.933,5.84
10:35.9,1440529836,4524.945116,7356.185402,33.933,5.84
10:35.9,1440529836,4524.945152,7356.185305,33.93,5.47
10:35.9,1440529836,4524.945152,7356.185305,33.93,5.47
10:36.0,1440529836,4524.945152,7356.185305,33.93,5.47
10:36.0,1440529836,4524.945188,7356.185211,33.929,5.11
10:36.1,1440529836,4524.945188,7356.185211,33.929,5.11
10:36.1,1440529836,4524.945216,7356.185128,33.925,4.65
10:36.1,1440529836,4524.945216,7356.185128,33.925,4.65
10:36.2,1440529836,4524.945254,7356.185043,33.924,4.65
10:36.2,1440529836,4524.945254,7356.185043,33.924,4.48
10:36.3,1440529836,4524.945254,7356.185043,33.924,4.48
10:36.3,1440529836,4524.945289,7356.184968,33.925,4.21
10:36.3,1440529836,4524.945289,7356.184968,33.925,4.21
10:36.4,1440529836,4524.945289,7356.184968,33.925,4.21
10:36.4,1440529836,4524.945323,7356.184891,33.921,4.05
10:36.5,1440529836,4524.945323,7356.184891,33.921,4.05
10:36.5,1440529837,4524.945357,7356.184825,33.922,3.83
10:36.5,1440529837,4524.945357,7356.184825,33.922,3.83
10:36.6,1440529837,4524.945378,7356.184766,33.917,3.83
10:36.6,1440529837,4524.945378,7356.184766,33.917,3.33
10:36.7,1440529837,4524.945378,7356.184766,33.917,3.33
10:36.7,1440529837,4524.9454,7356.184715,33.911,2.95
10:36.7,1440529837,4524.9454,7356.184715,33.911,2.95
10:36.8,1440529837,4524.945419,7356.184654,33.92,2.95
10:36.8,1440529837,4524.945419,7356.184654,33.92,2.81
10:36.9,1440529837,4524.945419,7356.184654,33.92,2.81
10:36.9,1440529837,4524.945433,7356.184608,33.916,2.5
10:36.9,1440529837,4524.945433,7356.184608,33.916,2.5
10:37.0,1440529837,4524.945433,7356.184608,33.916,2.5
10:37.0,1440529837,4524.945449,7356.184563,33.916,2.24
10:37.1,1440529837,4524.945449,7356.184563,33.916,2.24
10:37.1,1440529837,4524.945465,7356.18452,33.915,2.12
10:37.1,1440529837,4524.945465,7356.18452,33.915,2.12
10:37.2,1440529837,4524.945465,7356.18452,33.915,2.12
10:37.2,1440529837,4524.94548,7356.184479,33.918,1.97
10:37.3,1440529837,4524.94548,7356.184479,33.918,1.97
10:37.3,1440529837,4524.945494,7356.184451,33.919,1.71
10:37.3,1440529837,4524.945494,7356.184451,33.919,1.71
10:37.4,1440529837,4524.945494,7356.184451,33.919,1.71
10:37.4,1440529837,4524.945506,7356.184423,33.915,1.47
10:37.5,1440529837,4524.945506,7356.184423,33.915,1.47
10:37.5,1440529838,4524.945516,7356.184405,33.915,1.16
10:37.5,1440529838,4524.945516,7356.184405,33.915,1.16
10:37.6,1440529838,4524.945516,7356.184405,33.915,1.16
10:37.6,1440529838,4524.945525,7356.184386,33.92,0.96
10:37.7,1440529838,4524.945525,7356.184386,33.92,0.96
10:37.7,1440529838,4524.945531,7356.184377,33.918,0.66
10:37.7,1440529838,4524.945531,7356.184377,33.918,0.66
10:37.8,1440529838,4524.945531,7356.184377,33.918,0.66
10:37.8,1440529838,4524.945532,7356.184368,33.913,0.39
10:37.9,1440529838,4524.945532,7356.184368,33.913,0.39
10:37.9,1440529838,4524.945532,7356.184369,33.911,0.06
10:37.9,1440529838,4524.945532,7356.184369,33.911,0.06
10:38.0,1440529838,4524.945532,7356.184369,33.911,0.06
10:38.0,1440529838,4524.945531,7356.184373,33.914,0.26
10:38.1,1440529838,4524.945531,7356.184373,33.914,0.26
10:38.1,1440529838,4524.945526,7356.184385,33.91,0.58
10:38.1,1440529838,4524.945526,7356.184385,33.91,0.58
10:38.2,1440529838,4524.945526,7356.184385,33.91,0.58
10:38.2,1440529838,4524.945527,7356.184385,33.913,0.52
10:38.3,1440529838,4524.945527,7356.184385,33.913,0.52
10:38.3,1440529838,4524.945525,7356.184393,33.911,0.59
10:38.3,1440529838,4524.945525,7356.184393,33.911,0.59
10:38.4,1440529838,4524.945525,7356.184393,33.911,0.59
10:38.4,1440529838,4524.945523,7356.184395,33.91,0.52
10:38.5,1440529838,4524.945523,7356.184395,33.91,0.52
10:38.5,1440529839,4524.945522,7356.184396,33.909,0.38
10:38.5,1440529839,4524.945522,7356.184396,33.909,0.38
10:38.6,1440529839,4524.945522,7356.184396,33.909,0.38
10:38.6,1440529839,4524.945521,7356.184396,33.911,0.27
10:38.7,1440529839,4524.945521,7356.184396,33.911,0.27
10:38.7,1440529839,4524.945521,7356.184398,33.911,0.2
10:38.7,1440529839,4524.945521,7356.184398,33.911,0.2
10:38.8,1440529839,4524.945521,7356.184398,33.911,0.2
10:38.8,1440529839,4524.945519,7356.184399,33.905,0.16
10:38.9,1440529839,4524.945519,7356.184399,33.905,0.16
10:38.9,1440529839,4524.945519,7356.184401,33.904,0.12
10:38.9,1440529839,4524.945519,7356.184401,33.904,0.12
