n,rtk,p,m,n,hz,t,v,
1,0.08,NaN,NaN,NaN,NaN,NaN,NaN,
2,0.08,84,125,84,34.4306224809,83.8844851793,3.047765345,
3,0.05,106,125,106,33.0499574495,0.0,0.0,
4,0.17,106,125,106,33.2989623608,0.0,0.0,
5,0.08,109,125,109,33.2691160607,0.0,0.0,
6,0.08,109,125,109,33.3344247963,0.0,0.0,
7,0.07,104,125,104,33.3635922523,0.0,0.0,
8,0.11,112,125,112,33.3933425157,0.0,0.0,
9,0.2,109,125,109,33.3132441126,0.0,0.0,
10,0.14,109,125,109,33.487189723,0.0,0.0,
11,0.14,107,125,107,33.3967991082,0.0,0.0,
12,0.09,109,125,109,33.4895961419,0.0,0.0,
13,0.26,110,125,110,33.4682178708,0.0,0.0,
14,0.06,111,125,111,33.6044353999,0.0,0.0,
15,0.07,109,125,109,33.6610702706,0.0,0.0,
16,0.07,102,125,102,33.6508079139,0.0,0.0,
17,0.12,105,125,105,33.4952124644,0.0,0.0,
18,0.09,108,125,108,33.516357418,0.0,0.0,
19,0.13,112,125,112,33.499760391,0.0,0.0,
20,0.13,107,125,107,33.5581905173,0.0,0.0,
21,0.13,103,125,103,33.643789906,0.0,0.0,
22,0.03,104,125,104,33.5998590094,0.0,0.0,
23,0.12,103,125,103,33.2899764273,0.0,0.0,
24,0.1,102,125,102,33.0655903128,0.0,0.0,
25,0.18,100,125,100,33.4762315232,0.0,0.0,
26,0.18,105,125,105,33.516357418,0.0,0.0,
27,0.18,103,125,103,33.570545862,0.0,0.0,
28,0.44,107,125,107,33.5152861458,0.0,0.0,
29,0.16,111,125,111,33.4514016828,0.0,0.0,
30,0.06,108,125,108,33.5085922458,0.0,0.0,
31,0.06,117,125,117,33.4236785694,0.0,0.0,
32,0.09,106,125,106,33.5783397779,0.0,0.0,
33,0.12,106,125,106,33.5649042501,0.0,0.0,
34,0.24,104,125,104,33.2535538448,0.0,0.0,
35,0.25,109,125,109,32.8743279043,0.0,0.0,
36,0.25,113,125,113,33.2016971693,0.0,0.0,
37,0.06,107,125,107,33.5874820824,0.0,0.0,
38,0.03,108,125,108,33.5455759679,0.0,0.0,
39,0.17,105,125,105,33.5977058451,0.0,0.0,
40,0.09,111,125,111,33.4604749862,0.0,0.0,
41,0.09,104,125,104,33.5998590094,0.0,0.0,
42,0.1,96,125,96,33.6168248269,90.0,0.363917604446,
43,0.27,90,125,90,33.8113986296,90.0,0.505440856934,
44,0.26,100,125,100,33.6937895134,90.0,0.524041671753,
45,0.51,89,125,89,33.8021340382,90.0,0.628847328186,
46,0.51,85,125,85,33.8602578489,90.0,0.64342591095,
47,0.76,94,125,94,33.827214659,90.0,0.628847328186,
48,0.68,94,125,94,33.8950090509,90.0,0.630324199677,
49,0.38,83,125,83,34.1786712517,90.0,0.631801071167,
50,0.44,76,125,76,34.2478831378,90.0,0.78975,
51,0.44,81,125,81,34.1845210928,90.0,0.909791667938,
52,0.66,83,125,83,34.1600208496,90.0,1.13723925018,
53,1.08,87,125,87,34.1108481551,90.0,1.1020035102,
54,0.91,82,125,82,34.2582331417,99.462322208,1.10681157888,
55,1.06,79,125,79,34.3961751995,99.4622310476,1.15417104993,
56,1.06,80,125,80,34.4447601606,96.3401794059,1.2699044365,
57,1.28,76,125,76,34.4555125646,94.7636416907,1.52388527051,
58,1.4,79,125,79,34.2853966567,97.1249774305,1.48916643146,
59,1.39,76,125,76,34.3913806392,100.619655276,1.34231688695,
60,1.25,75,125,75,33.913096913,97.125048781,1.52388260588,
61,1.25,73,125,73,34.4306224809,94.2421677207,1.68808855366,
62,1.5,70,125,70,34.9138371638,95.7105831189,1.59347843172,
63,1.74,73,125,73,34.7138754397,96.1745988517,1.64761751753,
64,1.92,80,125,80,34.2571139207,90.0,1.97121639633,
65,1.61,80,125,80,35.2287857281,90.0,2.106,
66,1.61,74,125,74,35.4923122488,93.9452043351,1.97724580812,
67,1.86,79,125,79,35.3782516279,94.4637798582,2.00979711502,
68,2.32,83,125,83,35.6479657315,93.1798352571,2.28571346031,
69,2.05,72,125,72,35.7973508125,92.5950834856,2.45856646493,
70,2.36,71,125,71,35.9853117815,95.6561711724,2.41410450845,
71,2.36,72,125,72,36.3171502541,96.009005403,2.38383013761,
72,2.62,75,125,75,36.3874102093,94.3987041149,2.55079454533,
73,2.87,65,125,65,36.7473343905,93.931754755,2.62459972076,
74,2.7,70,125,70,37.2618355943,94.3987227157,2.58219784399,
75,2.88,72,125,72,37.3245056686,94.6540733624,2.6619862605,
76,2.88,79,125,79,37.4531556953,93.9575180087,2.84693665965,
77,2.74,72,125,72,37.2409923108,92.6025672097,2.78278970403,
78,2.26,68,125,68,37.4702198558,90.5304909073,2.83855236053,
79,2.43,74,125,74,36.8811079358,94.3986924982,2.73358523035,
80,2.57,69,125,69,36.5963179478,95.1944388607,2.79138303499,
81,2.57,75,125,75,36.0530527691,92.521221277,2.84891481332,
82,2.65,76,125,76,35.5895869396,90.0,2.94840053558,
83,3.17,79,125,79,35.3681086095,90.0,2.89575,
84,2.99,76,125,76,35.5618259513,92.4895575041,2.90106330722,
85,3.25,85,125,85,35.6403929166,93.1798301199,3.16387124422,
86,3.25,88,125,88,34.6439138012,93.0127875042,3.2877893243,
87,3.37,78,125,78,34.7668205668,91.818755288,3.41289003132,
88,3.45,69,125,69,35.2225730601,90.0,3.42225,
89,3.56,77,125,77,35.4347411018,89.5848410272,3.63916934967,
90,3.38,76,125,76,35.0667926327,90.0,3.79080107117,
91,3.38,77,125,77,35.3035090525,92.7263214866,3.93636246729,
92,3.39,76,125,76,35.4434247663,92.05587474,3.89681079942,
93,4.24,75,125,75,35.6291910534,91.5481539764,3.91919614971,
94,4.18,78,125,78,35.6010660872,93.1798193092,3.95106204358,
95,4.7,68,125,68,35.5428406789,95.4773427187,4.07498765595,
96,4.7,67,125,67,35.6264673405,95.7833140652,4.06636525526,
97,3.79,76,125,76,35.8267049337,93.9004937424,3.93546117622,
98,4.1,76,125,76,35.8254808842,93.6913910196,3.94217202036,
99,4.23,77,125,77,36.2581280959,93.5763202008,3.93902619509,
100,3.59,76,125,76,35.8306836723,94.6354703,3.92530234433,
101,3.59,81,125,81,35.2545472884,93.814039911,3.86747530212,
102,3.76,78,125,78,35.1655781275,93.9451711407,3.71836893989,
103,3.85,81,125,81,35.2222772735,93.9909130984,3.78242199193,
104,4.0,82,125,82,35.6594825754,93.8140802071,3.91919882624,
105,3.76,86,125,86,35.282127205,92.7263224405,3.91049300013,
106,3.76,81,125,81,35.0691382179,92.974221195,3.9253044348,
107,3.78,84,125,84,34.6837343918,92.6946611263,3.91919748797,
108,3.96,75,125,75,34.6093242017,93.0128146802,3.89752481135,
109,3.77,76,125,76,35.6137621846,93.9004937424,3.95811828385,
110,3.72,78,125,78,35.8821808351,95.5275495402,3.9665560825,
111,3.72,71,125,71,36.0335395189,95.962631587,4.02350657963,
112,3.71,72,125,72,36.3344537233,95.3420375108,4.07765342236,
113,4.06,83,125,83,36.4322915762,96.3401794059,4.20083687897,
114,3.82,74,125,74,36.486803417,95.1944023666,4.20083687897,
115,4.35,72,125,72,36.4512888255,94.2106543384,4.20083803891,
116,4.35,82,125,82,36.5112598693,92.1210922383,4.21291396334,
117,4.74,79,125,79,36.3357128006,90.0,4.29975,
118,4.65,82,125,82,36.1170057952,90.0,4.38837741227,
119,3.88,80,125,80,35.7720104733,92.2906100426,4.40234501883,
120,4.4,72,125,72,35.966180178,93.0277722107,4.36386176786,
121,4.4,83,125,83,35.7436596673,92.0832481078,4.3670032196,
122,4.58,78,125,78,36.1440832788,91.0921072022,4.36113373112,
123,4.11,70,125,70,36.7132390914,91.4321107461,4.42385348943,
124,4.37,76,125,76,36.4060446666,93.1221056154,4.55071434631,
125,4.47,69,125,69,37.1167491129,93.426805488,4.47251465885,
126,4.47,82,125,82,36.9412013387,91.3805424596,4.42385216679,
127,4.93,71,125,71,37.4980242101,88.6519210667,4.47192864517,
128,4.81,78,125,78,37.3960538165,87.7758296362,4.42871520539,
129,4.05,77,125,77,37.5783183264,90.0,4.47611021144,
130,4.37,65,125,65,37.6846720575,90.0,4.49905551519,
131,4.37,81,125,81,37.259187535,90.4804370379,4.42412988408,
132,4.43,73,125,73,37.1539020285,88.3634207299,4.44097719056,
133,4.23,77,125,77,37.41673729,88.6677667565,4.47611021144,
134,4.13,72,125,72,37.4307616795,90.0,4.54895967865,
135,4.47,83,125,83,36.7769779126,91.5911421436,4.55148893359,
136,4.47,69,125,69,36.8202400077,92.1210963967,4.7344167505,
137,4.53,78,125,78,36.7215962318,90.0,4.70059407806,
138,5.3,82,125,82,36.3464184821,87.4552013653,4.74009225331,
139,3.82,79,125,79,36.1534297585,90.0,4.58535257721,
140,4.53,79,125,79,36.1191829424,91.0974857968,4.55148750616,
141,4.53,80,125,80,36.1051915743,91.1017061152,4.63439538988,
142,5.23,76,125,76,36.3820444984,90.0,4.73471007729,
143,4.37,77,125,77,36.3836224844,88.6980345392,4.65406014277,
144,4.47,73,125,73,36.1612221849,90.0,4.70059140015,
145,4.53,70,125,70,36.1531181313,92.1210963967,4.74174888622,
146,4.53,73,125,73,35.9439883452,92.2026068806,4.74317766739,
147,5.09,70,125,70,36.3187226157,91.4688039056,4.80370461273,
148,4.8,81,125,81,36.2280630533,90.0,4.76523148297,
149,4.61,73,125,73,36.1612221849,90.0,4.63320026779,
150,4.78,79,125,79,36.6958941023,90.0,4.58535257721,
151,4.78,78,125,78,36.7174171861,90.0,4.7385,
152,5.2,70,125,70,37.6934773622,90.0,4.82624966526,
153,5.05,78,125,78,37.9389619552,90.0,4.91595817478,
154,4.37,73,125,73,37.7586287607,91.6954409034,5.04314230738,
155,4.82,69,125,69,37.7531908765,90.0,5.17762179533,
156,4.82,76,125,76,37.8414096121,88.8059806227,5.25449157124,
157,4.87,73,125,73,37.9465132269,89.0451587461,5.265,
158,5.11,72,125,72,38.1314229608,90.0,5.17725,
159,5.2,75,125,75,37.762708202,90.0,5.265,
160,5.28,69,125,69,37.4688809283,90.0,5.26500133896,
161,5.28,73,125,73,38.0066873873,91.909152433,5.26792418795,
162,5.71,73,125,73,37.2730940469,92.0454160082,5.39173039808,
163,5.65,71,125,71,37.9722788053,91.9091566445,5.43887700008,
164,5.17,72,125,72,38.1213724154,91.5911363703,5.63360383334,
165,5.32,72,125,72,37.917697259,91.123314054,5.42076037703,
166,5.32,74,125,74,37.96952881,92.8624052261,5.27668702881,
167,5.63,70,125,70,37.9898193939,91.6365737402,5.46085827146,
168,5.84,68,125,68,37.8687420435,91.5074322575,5.40722094149,
169,5.51,67,125,67,37.9046758364,90.0,5.30711828613,
170,5.26,82,125,82,37.6464505937,90.0,5.45875268555,
171,5.26,67,125,67,37.8889250226,88.4088347634,5.52894638471,
172,5.75,78,125,78,37.5446806606,88.0579532729,5.34934043813,
173,6.13,61,125,61,37.9231826401,88.4088628495,5.30928668524,
174,4.8,78,125,78,37.6066205808,90.0,5.4020467882,
175,4.8,76,125,76,38.2294328891,90.0,5.26499966526,
176,5.45,76,125,76,37.7759724762,90.0,5.45875302029,
177,5.17,68,125,68,38.0487503969,91.7098140441,5.81805048161,
178,5.49,68,125,68,38.202969305,93.5151991636,5.55381794979,
179,5.68,75,125,75,38.0808774128,94.1408868691,5.57274963044,
180,5.11,70,125,70,37.7773334414,92.2906162165,5.65243763958,
181,5.11,71,125,71,37.3314820254,91.0860674581,5.52894638471,
182,5.83,72,125,72,37.3009382365,92.2302556588,5.61865819262,
183,5.78,68,125,68,37.1167491129,93.8083300279,5.70865067964,
184,5.85,64,125,64,37.4421224592,93.3341558253,5.4229472275,
185,6.13,73,125,73,37.620787701,90.8814039966,5.70442496006,
186,6.13,70,125,70,37.6265250466,89.1449026037,5.87161308019,
187,6.04,73,125,73,37.7501327549,90.0,5.68165215969,
188,6.29,66,125,66,37.9033056806,91.032326061,5.81324580351,
189,5.68,73,125,73,37.8557542172,91.7898908643,5.76401100421,
190,5.68,78,125,78,37.8127529908,91.536906691,5.68760309522,
191,5.74,72,125,72,37.8158212669,91.6336692804,5.68717654273,
192,5.72,74,125,74,38.073618184,92.6527612348,5.68885150552,
193,5.91,75,125,75,38.108210752,94.2363972839,5.77879149657,
194,5.89,73,125,73,37.7243283596,93.1809202181,5.77496923844,
195,6.24,74,125,74,37.5685571997,92.1211178541,5.81393374439,
196,6.24,68,125,68,36.9727880962,90.0,5.89774119375,
197,6.18,77,125,77,36.4392549347,90.0,5.82267095947,
198,5.69,70,125,70,36.5577219758,91.7623910237,5.79082064989,
199,6.15,74,125,74,36.718702945,92.4366268478,5.90723810194,
200,6.39,69,125,69,36.157481401,90.8550973963,5.87990481428,
201,6.39,73,125,73,36.0567719751,90.8550973963,5.89774047657,
202,5.83,82,125,82,35.6925590578,90.9432500447,5.9080763801,
203,5.67,74,125,74,35.455708936,89.2972650326,5.79532790378,
204,6.34,69,125,69,35.5645397889,87.1723367455,5.8140252354,
205,6.34,81,125,81,35.3183728117,89.1117111466,5.61455930572,
206,5.98,80,125,80,35.5567009435,92.1818458105,5.61455930572,
207,5.6,78,125,78,35.8450757187,95.1944277134,5.77351816766,
208,5.18,73,125,73,36.6634965035,96.0541918941,5.8135305556,
209,5.92,72,125,72,36.2568743895,95.0424510692,5.82724971437,
210,6.01,78,125,78,35.129645295,93.0664901342,5.82491004707,
211,6.01,73,125,73,34.855518806,91.0416371493,5.89774114594,
212,6.07,71,125,71,34.7512655868,90.0,5.89679973221,
213,6.4,78,125,78,34.6198938532,91.1934910044,6.05729294425,
214,6.09,82,125,82,34.8346760128,91.6365770416,6.11103185686,
215,6.03,78,125,78,34.7486744433,91.2188771582,6.0728565454,
216,6.03,85,125,85,35.4371361705,91.432093024,6.05729294425,
217,6.54,77,125,77,36.106123995,92.0454013277,6.06717600718,
218,6.35,70,125,70,36.5644146108,90.9877703591,6.19292904371,
219,6.61,82,125,82,36.5857836937,90.9710070755,6.06717600718,
220,7.32,81,125,81,36.544344053,92.3532968661,6.32774248844,
221,7.32,69,125,69,37.7542103605,92.7263055568,6.375760475,
222,7.33,68,125,68,38.4512793245,90.6730226425,6.44504838574,
223,7.12,69,125,69,39.5051756129,88.1812449823,6.65413274586,
224,7.12,62,125,62,39.1511700628,88.3016917051,6.63724253365,
225,6.67,65,125,65,38.5803745539,88.5003607584,6.7469744165,
226,6.67,72,125,72,38.8681784063,90.0,6.82344085693,
227,6.56,65,125,65,39.2710385379,90.0,7.07615860748,
228,6.62,67,125,67,38.7282111892,90.0,6.91733132172,
229,6.3,84,125,84,38.3535328597,90.7252242991,6.91442042542,
230,6.3,74,125,74,38.333202336,89.2461516669,6.69709854108,
231,6.3,69,125,69,39.1497083119,88.2773266122,6.67130881087,
232,6.4,76,125,76,37.6789169669,87.7094077305,6.58651289568,
233,6.54,75,125,75,37.543000358,88.3042359654,6.44931495922,
234,6.55,74,125,74,37.3860538912,88.8766954193,6.44931362129,
235,6.55,66,125,66,37.2883369042,88.9780012809,6.49409287834,
236,6.36,68,125,68,37.7429990641,88.4724745578,6.49587118869,
237,6.21,67,125,67,37.4923259826,89.2150281412,6.43070187,
238,5.9,73,125,73,37.2757440833,91.1457647802,6.4063509992,
239,6.25,76,125,76,37.2162092617,91.1345344377,6.37035057243,
240,6.47,75,125,75,36.9317683523,90.0,6.28848265457,
241,6.47,67,125,67,37.2509147749,89.1815445383,6.2674060084,
242,6.57,68,125,68,38.0301208643,88.8766954193,6.19728083264,
243,6.58,67,125,67,38.2280391549,87.6140559696,6.33215346336,
244,6.29,70,125,70,38.2643093036,87.3716120957,6.56869477267,
245,6.22,71,125,71,38.8606159434,87.7974215676,6.73492109508,
246,6.22,72,125,72,37.7899270205,88.804133659,6.98610156379,
247,6.15,65,125,65,39.4553783924,87.9898442328,7.51826526239,
248,6.91,67,125,67,40.1591696827,87.9545861029,7.43615492961,
249,6.65,71,125,71,40.2072912373,87.1728754218,7.20405588887,
250,6.65,71,125,71,40.2493474589,87.053562212,7.10124069,
251,7.0,63,125,63,39.7662362288,87.1728754218,6.86931858631,
252,6.83,69,125,69,39.2295331893,87.3369992339,7.44388013671,
253,6.35,74,125,74,39.5178307282,89.1360786459,7.28536415099,
254,7.2,74,125,74,38.4069153076,90.0,7.27991534427,
255,7.51,69,125,69,37.8786598031,91.193487229,7.34853287012,
256,7.51,68,125,68,37.7158477807,91.5622202053,7.09656273701,
257,8.15,75,125,75,37.8287817021,91.496871789,7.23517235398,
258,8.08,74,125,74,37.5951597723,88.5311988701,7.41663785325,
259,6.99,72,125,72,37.6478022422,88.6919702561,7.42837861084,
260,7.59,73,125,73,37.9994564134,89.3178429521,7.33313673894,
261,7.59,71,125,71,38.4971592734,88.0585101249,7.23196513066,
262,7.5,65,125,65,38.7418046793,87.9904637308,7.34127277177,
263,7.47,74,125,74,39.2956894048,88.8186879942,7.28457137313,
264,7.22,76,125,76,38.3654607821,90.0,7.27833602142,
265,7.4,79,125,79,38.3139432914,90.0,7.2491098058,
266,7.4,74,125,74,38.6084299088,90.452457107,7.42390359879,
267,7.92,70,125,70,38.3791519499,90.0,7.29929714001,
268,7.7,76,125,76,37.6234874104,88.6360724684,7.26875044687,
269,7.63,67,125,67,37.3092332325,88.6196459266,7.16349690894,
270,7.69,82,125,82,37.3750601486,90.0,7.44839905125,
271,7.69,73,125,73,37.5574558772,89.8329429557,7.5465,
272,7.56,81,125,81,38.2936547065,89.4670394148,7.56127358759,
273,7.73,66,125,66,38.2789763808,88.7648297451,7.60310171848,
274,7.91,71,125,71,39.0625663568,88.0801274632,7.55190887441,
275,7.71,75,125,75,39.1771343172,88.0908458824,7.60986808918,
276,7.71,78,125,78,38.7536172965,88.0021201435,7.58265239495,
277,7.9,78,125,78,38.1591760981,88.0135930663,7.58792075975,
278,7.83,79,125,79,38.7371532011,87.7542617069,7.60310100325,
279,8.6,77,125,77,39.1022607561,86.3670434711,7.65091274196,
280,8.6,81,125,81,39.2093631978,87.4856633799,7.81890403353,
281,8.8,70,125,70,39.2912720494,88.2706915632,8.10147926015,
282,7.36,76,125,76,39.3436078306,88.7678802491,8.00361889718,
283,7.98,77,125,77,39.5413013557,88.4306492936,7.84348585246,
284,8.06,77,125,77,39.3532055432,88.462152525,7.90379936081,
285,7.92,65,125,65,39.8501121119,89.3489396198,7.96168290449,
286,7.92,69,125,69,39.4958755509,89.5883736281,7.90487417174,
287,8.3,72,125,72,39.408668527,90.0,7.86363836471,
288,8.3,69,125,69,39.9217993014,90.0,8.00617123032,
289,8.74,72,125,72,39.8629892224,90.0,8.0975692234,
290,9.06,71,125,71,40.1541716529,88.7811201862,8.34358897472,
291,9.06,71,125,71,40.371382095,88.3153130584,8.5135590861,
292,8.54,66,125,66,40.0866282459,88.7809869091,8.28859377599,
293,8.36,65,125,65,39.0229524669,88.7809869091,8.34399086246,
294,7.58,66,125,66,38.3510780316,87.4539370312,8.3440968055,
295,7.58,75,125,75,38.6262075571,87.5889702534,8.43061519655,
296,8.38,78,125,78,39.1467851376,90.2017337033,8.38873841168,
297,8.05,76,125,76,39.0898703623,91.2060487792,8.30017762696,
298,8.74,72,125,72,39.393493125,89.2747867308,8.19014921627,
299,9.7,74,125,74,40.1234419094,88.6701146969,8.35782700166,
300,9.11,63,125,63,40.1961167654,89.3097245997,8.84652150655,
301,9.11,64,125,64,40.3259686569,-105.132837191,38.5975907981,
302,9.16,68,125,68,40.7629525244,90.8184567005,8.79596566232,
303,9.57,66,125,66,40.5152814806,89.1696829838,8.91946785023,
304,9.0,73,125,73,39.7583202995,88.0250747139,9.10439289787,
305,8.34,69,125,69,38.8908834656,88.5853579152,9.02951255188,
306,8.34,75,125,75,39.9411876738,88.6028068573,8.79596566232,
307,8.92,76,125,76,40.0927591646,90.0,9.43151155472,
308,9.2,63,125,63,41.0847789674,90.6366000512,9.81122571043,
309,8.92,63,125,63,40.5172383814,90.0,9.71429425703,
310,8.92,66,125,66,41.1218369168,90.0,9.84163252466,
311,8.86,60,125,60,41.1101483935,-131.168206043,29.5057519219,
312,8.97,66,125,66,41.6200682702,90.9605669532,9.51490859985,
313,9.45,69,125,69,40.7000601626,90.3732365678,9.6942128498,
314,9.58,63,125,63,40.5219357145,89.6259684176,9.64561773451,
315,9.43,66,125,66,40.7712735968,87.9096930534,9.37902784034,
316,9.43,67,125,67,39.7187878788,88.8766926949,10.6884090526,
317,9.63,61,125,61,39.9123020706,-83.0767299913,17.8969225987,
318,9.86,69,125,69,40.0288599187,-97.9110225628,36.1332163857,
319,9.39,65,125,65,40.532117007,88.9949101029,10.4808066559,
320,9.2,71,125,71,39.7455107127,88.2642983211,10.4947303433,
321,9.2,62,125,62,40.0464405744,88.947405667,10.6363573857,
322,9.3,70,125,70,41.0590388926,88.9583642675,11.0487511638,
323,9.43,73,125,73,41.9871264828,87.7498384017,11.0566916213,
324,9.64,56,125,56,42.5260724533,90.458356458,10.9619597702,
325,9.76,60,125,60,40.8781638322,90.9278997868,10.4337988272,
326,9.76,60,125,60,41.483403885,89.5017883874,10.1088010712,
327,9.79,67,125,67,40.7115166222,89.8609363488,10.1894442568,
328,9.45,70,125,70,40.1687847764,88.830848843,9.94747629372,
329,10.1,72,125,72,40.4761831236,90.5070303678,10.2359405805,
330,10.16,63,125,63,41.4731492193,89.8826338765,13.5202403183,
331,10.16,57,125,57,41.7572203694,138.096089766,32.0060882679,
332,10.13,57,125,57,41.2301703546,88.7728911848,10.4024222554,
333,10.16,68,125,68,39.9362437515,89.1696715518,10.4830808735,
334,9.95,64,125,64,40.0082414438,90.0,10.2406215591,
335,9.92,77,125,77,40.4527603102,90.9628636256,10.3120933616,
336,9.92,69,125,69,41.0912190295,90.9710219311,10.4268286513,
337,9.6,64,125,64,41.2983724067,90.0,10.3716306381,
338,10.31,78,125,78,40.3939326817,89.3522481623,10.1716238276,
339,10.26,58,125,58,41.3700646052,90.0,10.2191604021,
340,10.32,64,125,64,41.5026963913,91.468796867,10.0615746574,
341,10.32,64,125,64,41.4334090685,-102.242104765,32.9432741307,
342,10.03,67,125,67,40.69176813,89.4999398915,10.9135470955,
343,9.97,66,125,66,39.5569639354,89.0035729722,10.6296862124,
344,10.39,67,125,67,39.1190367379,90.0,10.4252334221,
345,10.39,70,125,70,39.5007110366,90.5617110742,10.7058596251,
346,11.21,61,125,61,39.2618483745,90.4275725068,11.2333710101,
347,9.68,73,125,73,39.1219557695,90.0,11.0994638386,
348,10.53,68,125,68,40.2984598534,89.5185341942,11.2699128045,
349,10.73,61,125,61,39.7236781043,89.0119475669,10.486223793,
350,10.73,72,125,72,39.0000929835,89.5592719272,10.8813538249,
351,10.78,70,125,70,39.1055418811,91.3415702408,11.2006774868,
352,9.91,72,125,72,38.8454998426,90.5076416128,10.9604030859,
353,11.03,62,125,62,38.4943327307,88.4983687924,10.7431130638,
354,11.34,76,125,76,38.1331563492,88.4716988769,10.6806288554,
355,11.34,71,125,71,38.3346037491,88.1066141543,10.6239851901,
356,10.63,79,125,79,38.6144724728,88.5436413657,10.5306433831,
357,10.59,70,125,70,38.8559358933,90.0,10.6142419281,
358,10.97,68,125,68,38.9334818528,90.9470162731,11.1106769614,
359,11.15,63,125,63,39.4680016185,90.0000034892,11.2339166453,
360,11.15,77,125,77,39.877391139,90.0,10.7406021423,
361,10.86,74,125,74,39.5241613268,89.7232173024,10.7413427354,
362,10.64,74,125,74,39.4772885567,90.0,10.6352997322,
363,10.71,65,125,65,39.7790591806,90.6782397013,10.828782984,
364,10.41,65,125,65,40.0338267999,91.0416273381,11.2675915073,
365,10.77,68,125,68,40.0288599187,90.4341555211,11.2339174821,
366,10.77,67,125,67,40.1980429553,90.0,10.7850157514,
367,10.78,74,125,74,40.4091101777,90.6206478019,10.7388438103,
368,11.38,75,125,75,40.2042080038,90.9093804492,10.9888780034,
369,11.02,63,125,63,40.906470049,90.9022211615,11.1054287142,
370,11.02,74,125,74,40.4906407175,91.3426240265,11.0610119136,
371,10.89,66,125,66,40.024276199,90.5977808193,11.0638421057,
372,11.28,71,125,71,40.9836136055,90.0,11.120396702,
373,11.71,67,125,67,42.1406797882,90.7639105114,11.2828902982,
374,10.83,63,125,63,42.6077204388,91.1232987307,11.5498181022,
375,10.99,67,125,67,42.7623669508,90.0,11.7909081573,
376,10.99,59,125,59,42.4627844821,88.2510539554,11.5906557102,
377,11.08,59,125,59,41.6841812345,88.0801247116,11.0589345218,
378,10.88,69,125,69,40.8582533729,88.7053571801,11.3042163534,
379,11.02,67,125,67,40.968401723,88.9190793143,11.269067557,
380,11.03,63,125,63,41.2678972018,90.0,11.3724032135,
381,11.03,70,125,70,41.214774927,89.6725131648,11.1797700248,
382,11.4,61,125,61,41.3908855863,90.0,11.0995824928,
383,11.61,67,125,67,41.7169342165,88.7981709904,11.1340916842,
384,11.77,68,125,68,41.8952793815,88.2100893918,11.1662704741,
385,11.77,66,125,66,40.9768068935,89.4123720137,11.3542081032,
386,11.38,61,125,61,41.0743181707,91.0809268124,11.5879018378,
387,11.69,65,125,65,41.0084572591,90.4340506321,11.463381443,
388,11.72,68,125,68,40.660210363,88.7914119977,11.7541982637,
389,11.43,77,125,77,40.0273318955,88.9535990202,11.5841971701,
390,11.03,67,125,67,39.6951061393,90.0,11.7909081573,
391,11.03,67,125,67,39.7455107127,90.0,11.2460403214,
392,11.84,79,125,79,39.136192289,90.0,11.2322330811,
393,12.22,61,125,61,40.5760334336,89.4594843019,11.1622964294,
394,11.72,69,125,69,41.00885821,89.3812781976,11.6459760954,
395,11.72,68,125,68,42.3962559764,88.5236599558,11.424947117,
396,11.85,69,125,69,42.2655259631,88.5643180965,11.5299431609,
397,12.56,66,125,66,42.3979702205,91.3245270215,11.8286979656,
398,12.17,66,125,66,41.9359108951,90.9963453632,12.1283208839,
399,11.46,72,125,72,42.1656747627,90.4212848569,12.0070607402,
400,11.46,65,125,65,42.4305672173,90.0,11.9166825631,
401,11.23,66,125,66,42.1157144292,90.0,12.0159282074,
402,11.83,61,125,61,41.7414288984,90.2527764292,11.9202573375,
403,11.81,76,125,76,41.4219518458,90.5909139476,11.810682615,
404,11.58,64,125,64,41.7726077603,90.0,11.6612047991,
405,11.58,67,125,67,42.1389862862,89.4791516028,11.6191744538,
406,11.97,64,125,64,42.4305672173,-63.097881156,33.0169932717,
407,12.46,67,125,67,42.276176269,88.6566893493,11.9078306976,
408,11.86,68,125,68,42.4318549692,88.5732303201,12.2194158191,
409,12.09,67,125,67,42.4447367888,89.1696845137,12.0220702512,
410,12.09,65,125,65,41.1892762447,89.5060906538,12.0399233024,
411,12.67,64,125,64,41.6109843449,87.8054730325,12.0012888781,
412,12.13,67,125,67,41.7480764828,88.4518383829,11.9030931738,
413,12.08,61,125,61,41.6076820824,-102.994616792,13.9542648415,
414,11.92,63,125,63,42.1284049819,91.1051154282,12.0478619421,
415,11.92,74,125,74,41.9497519603,89.0036421905,12.0083548029,
416,12.25,72,125,72,42.1711861169,88.0079114891,12.0115888628,
417,13.26,73,125,73,43.1908228728,90.0,12.3149471512,
418,12.34,71,125,71,42.9370322977,90.6986930288,12.6366317863,
419,12.62,63,125,63,42.5023712051,91.2145862918,12.4426985702,
420,12.62,62,125,62,42.0291998597,89.8612962733,12.5102789576,
421,13.07,69,125,69,41.5957157733,87.9360170595,12.2336019667,
422,13.31,76,125,76,41.4268613081,88.5583883074,12.3781257182,
423,13.55,66,125,66,41.5347533743,89.3097241239,12.6643069267,
424,12.97,69,125,69,42.3714150057,89.3520975454,13.7353055221,
425,12.97,59,125,59,42.8593734034,81.226719324,13.2939558319,
426,13.1,61,125,61,43.9986572675,-177.771743595,17.8281432293,
427,12.97,69,125,69,43.7869066385,-107.663335144,21.0173475452,
428,13.12,58,125,58,44.6307008023,90.5509528341,13.347331336,
429,13.05,53,125,53,43.4651909884,-100.926065458,30.5774267585,
430,13.05,62,125,62,42.7937803534,89.1133110974,13.9440903704,
431,13.78,69,125,69,42.2582868197,89.230944844,13.2782558196,
432,13.53,66,125,66,41.9007202725,89.2411598757,13.2689790295,
433,14.24,74,125,74,41.7484920272,89.5452765037,13.2842123229,
434,13.84,71,125,71,42.6311060517,89.4594889079,13.3589975788,
435,13.84,67,125,67,43.3573569848,89.2308367773,14.2028656595,
436,12.76,57,125,57,44.7927550781,-156.43973161,25.7375724259,
437,13.31,66,125,66,42.8138742013,90.0,13.2590248661,
438,13.64,59,125,59,42.3495961228,89.7529148925,13.0169632891,
439,14.21,65,125,65,41.6858383772,89.2654487903,13.6475940427,
440,14.21,70,125,70,41.6754833966,88.8982981062,13.7788599378,
441,13.86,63,125,63,41.5751003618,90.0,13.521111956,
442,13.71,70,125,70,42.1991890777,89.270156936,13.4953439806,
443,14.24,55,125,55,42.7588794193,89.1232258939,13.8285751547,
444,13.75,64,125,64,42.9181401441,88.8982924777,13.7437198094,
445,13.75,69,125,69,42.5045247722,89.8936908003,13.9525259407,
446,13.87,68,125,68,41.5113222486,89.6495681903,14.375291383,
447,13.62,62,125,62,42.0646067134,90.0,14.2230825233,
448,13.97,62,125,62,43.3519793282,90.0,14.2980593788,
449,14.71,67,125,67,43.2656715802,89.7132590598,13.9752613213,
450,13.74,67,125,67,42.2727675872,90.5208572525,13.8336283685,
451,13.74,70,125,70,43.8941342682,91.4175161062,14.4100287081,
452,14.0,55,125,55,43.8826532747,89.5692084586,14.0402742161,
453,14.65,65,125,65,43.0719559659,89.3934939402,14.0633423631,
454,14.23,68,125,68,42.6566863629,64.9521403839,32.6772663328,
455,14.23,59,125,59,43.3443632643,89.2654760557,14.0477999021,
456,13.51,62,125,62,43.8675075565,-65.328432077,18.6011499962,
457,13.32,60,125,60,43.2210875591,117.219775569,22.0863661716,
458,14.55,59,125,59,42.6454099011,90.0,16.8482285141,
459,14.42,69,125,69,43.0110032097,89.565955974,14.1927564468,
460,14.42,65,125,65,41.8693499441,90.0,14.3121601202,
461,14.57,72,125,72,42.7075043275,89.6432388589,14.1927577858,
462,14.24,67,125,67,42.6094518266,89.1185882715,14.1105931808,
463,14.76,70,125,70,41.9266885914,90.0,14.3735507148,
464,14.26,69,125,69,41.7505698729,91.0050876865,14.5327739302,
465,14.26,71,125,71,41.3651685947,90.4275768785,14.1927591248,
466,14.01,65,125,65,40.6732220089,88.9949166073,14.5317820504,
467,14.36,71,125,71,40.5238932581,89.2812672854,13.9001738182,
468,14.68,75,125,75,41.204652625,90.0,13.8645,
469,14.73,71,125,71,40.8149157292,89.4849921563,13.9509678921,
470,14.73,73,125,73,40.9184422071,89.2793363775,13.9525259407,
471,14.49,72,125,72,41.5470961735,89.4951952894,14.0830159594,
472,14.18,62,125,62,41.645689775,89.1150691915,13.9292812359,
473,14.85,60,125,60,43.1352996832,89.2838400545,14.1117725034,
474,14.53,67,125,67,42.9607808995,89.3338000298,15.0677413861,
475,14.05,63,125,63,43.5808067164,90.0,15.1632002678,
476,14.05,76,125,76,43.8079441839,90.4728575837,15.1036455576,
477,14.44,59,125,59,44.0800403565,90.9765380358,14.6626618434,
478,14.88,63,125,63,44.0217468881,89.1938129992,14.9158941601,
479,14.88,61,125,61,43.6833861023,89.2042784847,15.1646626898,
480,14.4,68,125,68,44.9502089808,90.0,14.926404423,
481,14.66,63,125,63,45.3305953938,89.691263723,15.2317765878,
482,14.69,65,125,65,46.3049679841,146.299062235,25.2652959858,
483,15.15,59,125,59,44.3068082185,169.139185473,18.3975989551,
484,14.77,56,125,56,44.6050706143,89.6463942432,15.6269541231,
485,14.6,67,125,67,43.5351193133,89.053052077,15.4982477468,
486,14.6,67,125,67,43.5880531249,89.2758700053,15.5352684063,
487,14.27,62,125,62,43.7850782416,88.939081025,20.1823580877,
488,14.39,60,125,60,42.9682627492,88.7680225974,16.0164759781,
489,13.77,61,125,61,42.1195207921,88.8854486918,15.1690505227,
490,13.77,70,125,70,42.6458435009,88.9094429632,14.8887758682,
491,13.7,67,125,67,43.1126872038,90.3472428971,15.0724868487,
492,15.95,63,125,63,43.9074597492,89.0609312231,15.0525561976,
493,14.84,67,125,67,44.1756788069,88.4413099317,15.2717682064,
494,14.91,65,125,65,44.0703140597,88.7546336684,15.5864494888,
495,14.91,60,125,60,43.3483949648,88.9646132269,14.9003446873,
496,14.34,60,125,60,43.5993804638,-94.7260065605,34.4302817015,
497,14.74,57,125,57,42.0540627256,88.6615571744,15.1639597449,
498,13.86,67,125,67,42.3295084118,88.9949139947,14.9216997542,
499,14.64,63,125,63,41.262619406,89.2388647662,14.7386331882,
500,14.64,61,125,61,41.2967459263,89.3761719604,15.7540472733,
501,14.44,62,125,62,42.1529617495,-108.952277166,42.2063290652,
502,15.27,59,125,59,43.3708069653,88.3977427833,16.2165408153,
503,14.63,63,125,63,43.7252825153,90.4055308745,16.4641197511,
504,14.63,58,125,58,43.254516954,89.8560419667,17.4500752916,
505,14.69,62,125,62,43.2674568543,88.4904922632,17.2913602802,
506,14.44,61,125,61,43.455283879,89.4936867453,17.3433007407,
507,14.61,63,125,63,43.4008754048,88.5855767886,14.312441459,
508,14.01,62,125,62,43.1069270298,88.9390883097,14.1321095758,
509,14.65,71,125,71,43.1743731214,90.0,14.2155,
510,14.51,67,125,67,43.205949916,90.0669364441,15.3291914132,
511,14.51,63,125,63,43.2188607699,90.0,15.2045269025,
512,14.69,64,125,64,43.9926579331,90.8050321252,15.7227248907,
513,15.52,60,125,60,44.2848213532,91.3426238784,15.976525649,
514,15.13,65,125,65,45.5061733753,90.992658746,15.0744957652,
515,15.13,69,125,69,45.4420801733,90.6547804023,15.3572528244,
516,14.28,57,125,57,44.9319106997,90.5300955983,15.1455211287,
517,13.94,62,125,62,42.7549566263,89.0206786608,15.0352842601,
518,13.99,63,125,63,43.5672261925,88.9948783921,15.1863439865,
519,14.72,68,125,68,44.5018992042,89.0451587461,14.9126213877,
520,14.72,57,125,57,45.5457052883,88.9615087141,14.4911844351,
521,13.74,61,125,61,44.5236295699,89.9514399436,14.0166257973,
522,16.3,67,125,67,43.2509486883,90.1461725367,14.1283168106,
523,14.6,67,125,67,44.9030489894,89.637373326,14.0227853094,
524,15.72,65,125,65,44.8190803885,90.3892801178,14.1323279024,
525,15.72,54,125,54,44.7626386058,90.527257735,14.3396931758,
526,15.01,64,125,64,44.9030489894,89.1319515339,15.7950202211,
527,13.94,69,125,69,45.2021122966,88.8982938848,15.9242508477,
528,14.52,60,125,60,45.0791999398,88.674202104,15.8024735793,
529,14.2,58,125,58,44.4759450718,90.0,14.600794114,
530,14.2,55,125,55,42.8138742013,-74.4170417232,27.4388884117,
531,14.83,71,125,71,42.2382856165,87.5181233765,14.1870779759,
532,15.6,65,125,65,41.2711457472,88.9390855997,14.2932950397,
533,15.37,68,125,68,41.7900882769,91.7993266698,14.6465447149,
534,14.41,68,125,68,42.3444655333,92.3718421898,14.7547913256,
535,14.41,69,125,69,41.8442874815,90.1646412319,14.5621137201,
536,15.01,69,125,69,42.2208532141,90.0,14.8038438263,
537,15.07,68,125,68,42.6657986288,90.1909814804,15.0115698853,
538,14.63,59,125,59,42.5912792705,89.6620968846,14.9859513882,
539,13.82,69,125,69,42.5441893962,90.0,15.0476364224,
540,13.82,65,125,65,42.0540627256,90.6986868597,14.656025877,
541,14.02,64,125,64,42.07346775,92.0901592312,14.5753872545,
542,15.44,64,125,64,41.6684449478,90.9793212505,14.5278983895,
543,14.92,70,125,70,42.1262893587,89.2311874344,14.7854708847,
544,15.37,66,125,66,42.1478786904,88.9524283045,15.0956375689,
545,15.37,67,125,67,42.9612209362,89.5993326828,14.852270344,
546,14.66,62,125,62,43.4611375341,89.9220923223,15.4603006678,
547,14.72,70,125,70,43.6034597472,90.558192536,15.1396850893,
548,14.44,71,125,71,42.4468845192,90.0,15.036842062,
549,14.75,66,125,66,42.5135721381,89.9609705498,15.4673319627,
550,14.75,60,125,60,42.7990204082,90.0,14.9365250462,
551,15.13,66,125,66,41.995534418,89.2205132912,15.0661592331,
552,16.2,68,125,68,42.6914206032,90.0,15.4635406938,
553,15.81,64,125,64,43.2884448664,90.7957215856,15.4819071854,
554,15.81,66,125,66,43.44043168,93.1752126742,16.5249804204,
555,15.71,58,125,58,43.1184489175,12.1603048643,21.3692530416,
556,15.43,60,125,60,43.5428025663,89.6128683212,15.4616407061,
557,15.81,68,125,68,43.4800601254,90.0,15.5844005356,
558,15.75,65,125,65,43.2621014739,89.6050868643,15.4366142385,
559,15.64,64,125,64,42.9717845214,88.8992471713,16.0550589375,
560,15.64,77,125,77,41.5298183078,89.2177686451,15.7961889892,
561,15.6,69,125,69,42.0662942421,89.6205594325,15.3572528244,
562,15.91,69,125,69,42.9757472053,-116.174425711,29.5599856293,
563,16.01,63,125,63,42.4666538419,-156.488494464,11.1388467037,
564,16.45,62,125,62,41.8584858586,88.4601617114,15.8030849982,
565,16.45,60,125,60,41.7888391834,89.215588346,16.3061813441,
566,16.46,55,125,55,41.6337015971,89.3526176131,15.5327414938,
567,16.25,72,125,72,41.1218369168,88.0113623541,15.2942525681,
568,16.43,70,125,70,41.5920034905,87.8590972992,15.6985316748,
569,16.43,61,125,61,41.8706038553,89.1401112341,15.7845254103,
570,16.04,57,125,57,42.6163787848,89.0796732173,15.7338496053,
571,16.92,63,125,63,42.3637116568,88.4765352083,16.3803010503,
572,16.34,59,125,59,42.8707633182,88.3788571908,16.1638089352,
573,15.76,70,125,70,43.4026718545,87.6467022124,16.2106464906,
574,15.76,67,125,67,44.1171322787,88.3397112603,16.1545819584,
575,16.17,67,125,67,43.245151512,89.1319471568,16.6822782069,
576,16.52,62,125,62,43.2340074628,88.9583728805,16.537464172,
577,16.17,64,125,64,43.2375729336,89.6918775235,15.983786119,
578,16.21,73,125,73,43.1574918198,89.0709606806,16.0133736122,
579,16.21,67,125,67,42.5588668026,88.8766944728,16.1983887278,
580,16.37,65,125,65,42.7771953085,88.7674642482,16.0088147599,
581,16.55,63,125,63,42.6003636105,90.512343656,16.0484836482,
582,16.31,75,125,75,42.7040257387,89.627960365,16.4271385745,
583,17.01,68,125,68,42.1351764044,89.1048240029,16.4979334842,
584,17.01,62,125,62,43.2077302649,89.0689573716,16.3769593695,
585,16.66,63,125,63,43.419745546,111.995075763,21.9690558974,
586,16.56,68,125,68,42.8961934177,89.6396594119,17.893220444,
587,16.9,62,125,62,42.8265517629,90.0000046129,16.6764725791,
588,16.95,55,125,55,42.9185793077,90.0,16.7427002678,
589,16.31,69,125,69,42.0646067134,89.3999181043,16.8957031408,
590,16.31,63,125,63,41.5109114122,89.5208900445,16.6750738896,
591,16.67,67,125,67,41.9233360321,89.5592712088,16.1467725526,
592,16.51,67,125,67,41.9166325215,89.4619216046,16.3116864004,
593,16.68,72,125,72,41.744752426,90.0,16.3772688986,
594,16.68,73,125,73,42.2974929913,90.74405736,16.4113614952,
595,16.02,61,125,61,43.0586906754,90.2651183984,15.2900839625,
596,16.58,65,125,65,43.5708468379,91.1076877265,17.2432833497,
597,17.15,64,125,64,43.5369268936,91.1602651966,17.107961636,
598,16.57,55,125,55,43.44043168,91.4058058725,17.3951417148,
599,16.57,70,125,70,43.2563013077,90.0842567875,16.9818184185,
600,16.99,57,125,57,43.327348794,89.9261674732,16.8784934645,
601,15.61,64,125,64,42.8576216459,90.8884657687,16.4936841603,
602,17.08,67,125,67,42.9295613191,91.2660400309,16.561546326,
603,18.06,63,125,63,43.0052701733,91.6663191212,16.890040472,
604,18.06,64,125,64,42.4181229773,89.562635425,17.2510427406,
605,17.72,65,125,65,42.1851829501,88.0801295367,16.219727893,
606,17.5,67,125,67,43.8826532747,88.4656583759,16.6962847608,
607,17.94,56,125,56,44.9940891878,91.3670963531,17.2727497917,
608,17.62,75,125,75,44.8473546897,91.1056997369,17.4329874203,
609,17.62,65,125,65,43.8959717847,90.0,18.0694798393,
610,16.74,60,125,60,44.2871593441,90.1394058889,18.4502913472,
611,16.62,59,125,59,44.6288012598,89.8390518571,18.2172075524,
612,18.92,63,125,63,44.1482448292,91.6708165059,18.371180449,
613,17.26,68,125,68,43.8844898301,92.3208537711,18.9547218285,
614,17.26,67,125,67,43.6075397939,92.2724536146,18.3772741084,
615,15.03,66,125,66,43.6129810442,89.3757149351,17.7739419715,
616,17.95,69,125,69,43.4327845086,88.3310791463,17.126627287,
617,17.6,65,125,65,43.0052701733,89.3969152518,17.4381379287,
618,16.91,69,125,69,43.0290943412,90.8184567934,17.721821147,
619,16.91,68,125,68,43.7366813001,91.5853958462,17.1193480837,
620,15.32,64,125,64,45.0859839405,92.5897579351,17.8398296403,
621,17.5,57,125,57,44.2455799823,91.4588329464,17.4677623168,
622,18.68,65,125,65,44.0647581026,90.5846457369,17.3789170892,
623,17.54,60,125,60,44.8310566707,90.5334178115,17.575358901,
624,17.54,64,125,64,44.5316657288,-26.0357770359,20.1402485942,
625,18.13,63,125,63,42.4774057645,90.6438045121,17.1501413846,
626,17.53,69,125,69,42.6749147886,90.4212811295,17.2911609542,
627,16.27,73,125,73,43.5107316618,89.5787143737,17.1854242328,
628,18.46,66,125,66,43.72892948,88.989001234,17.8601234411,
629,18.46,63,125,63,43.6642861604,88.8655832985,17.6877100236,
630,16.64,70,125,70,43.361391103,89.4490938381,18.1650978063,
631,17.86,64,125,64,44.224586413,90.0,17.9120206309,
632,17.12,73,125,73,43.1610446809,90.3673362168,18.0389663075,
633,16.84,67,125,67,44.1794012935,89.4212744344,17.375778988,
634,16.84,68,125,68,44.4542612161,88.465652495,16.91023219,
635,18.53,64,125,64,44.4585020457,90.0,17.779829539,
636,18.05,66,125,66,44.3935647756,90.3165353365,17.4897004334,
637,18.09,59,125,59,43.8711782857,90.0,17.6499666595,
638,18.39,59,125,59,43.2077302649,90.6969920586,17.5658583629,
639,18.39,69,125,69,43.5690364399,90.4410644167,17.6659094057,
640,18.64,59,125,59,44.1891758062,88.5643210431,17.4403183151,
641,19.13,63,125,63,45.0047104521,-50.7525394511,37.5111672541,
642,17.63,65,125,65,44.5137065535,91.5824809377,24.2620329762,
643,18.29,58,125,58,43.0123264352,90.1397446953,17.9888570116,
644,18.31,64,125,64,41.7850923509,-73.0770233001,25.4426661572,
645,18.31,63,125,63,42.6805600782,89.5603267293,18.221068034,
646,18.41,64,125,64,42.04520986,90.0,17.9047115936,
647,17.88,64,125,64,43.2826376348,89.7334176543,18.7893820211,
648,17.99,59,125,59,43.7677160835,83.8678708888,14.1630007753,
649,17.99,59,125,59,44.0490238293,89.9325959745,18.0767129842,
650,18.27,56,125,56,44.5453811678,88.3726663389,18.4993191726,
651,18.73,66,125,66,44.144527591,84.1984131124,16.4937323892,
652,18.29,58,125,58,41.8831470996,-4.31643434611,15.4927178358,
653,18.29,66,125,66,42.8961934177,90.0,18.6046224976,
654,18.29,64,125,64,42.9445058771,88.9336106419,18.6905625915,
655,18.07,70,125,70,43.3726009265,89.230976042,18.4489932158,
656,18.17,66,125,66,44.0800403565,-147.728565971,4.38766657697,
657,18.02,64,125,64,42.7806858285,90.0,18.16425,
658,17.07,63,125,63,43.9576176153,-72.2701178244,6.01357995644,
659,17.07,67,125,67,43.3277963721,91.1725086911,18.8595772876,
660,18.05,62,125,62,43.3838165475,90.5932596297,19.343225626,
661,18.6,65,125,65,42.5860899584,90.3604565543,18.0155190389,
662,17.81,58,125,58,42.6966356187,90.3311849364,18.196475857,
663,17.7,65,125,65,43.7809649068,90.0,18.3427099727,
664,17.7,62,125,62,43.9138956362,-82.8346898385,18.9806697804,
665,17.32,62,125,62,43.8157240457,89.5434679555,18.2528437305,
666,17.8,60,125,60,44.1501036831,89.8635815637,18.0212481074,
667,17.63,61,125,61,44.7506988456,54.8133490807,31.5798084293,
668,17.62,68,125,68,44.23018275,89.8555575322,18.1543339685,
669,17.62,62,125,62,45.1505339304,71.2115331314,28.5706682351,
670,17.72,57,125,57,44.9984336445,88.8187690706,18.2227151313,
671,18.12,62,125,62,44.0976512396,87.1232349297,17.6052678165,
672,17.54,67,125,67,43.1370742143,85.9143863164,17.6213110869,
673,17.67,66,125,66,42.4108314711,88.2221943017,17.4588334335,
674,17.67,63,125,63,43.6606499698,87.6140556043,17.388676035,
675,17.83,64,125,64,44.8468751671,87.8420518909,18.2068068283,
676,17.69,59,125,59,44.5056768744,-156.871768574,28.0312335766,
677,17.01,66,125,66,44.5397047892,88.2642911132,17.3980344324,
678,17.59,60,125,60,44.6706285812,76.6762468335,33.203268251,
679,17.8,63,125,63,45.2533203863,87.6279357742,18.7744970367,
680,17.8,63,125,63,45.3600095169,-85.1961789671,5.28253538596,
681,17.38,60,125,60,45.8965705907,-38.1572265874,16.7514935987,
682,16.88,60,125,60,45.2328232338,-103.895168262,32.0556935951,
683,17.34,63,125,63,44.1794012935,-89.2606095908,29.6772637861,
684,17.34,66,125,66,44.730654381,88.6599914471,18.0499400617,
685,16.42,59,125,59,45.0898614291,-114.154557733,25.398390403,
686,16.0,68,125,68,44.0629064283,-128.060995006,21.9277510665,
687,16.22,61,125,61,43.4899785365,89.7115493193,17.1010565802,
688,17.31,64,125,64,44.3124253854,-86.9508826084,41.4064359152,
689,17.31,67,125,67,44.3260060873,90.0,17.922061821,
690,16.63,66,125,66,44.6768142649,90.6612207658,16.6906792211,
691,16.24,56,125,56,43.8496215448,90.2993528435,17.4082427623,
692,16.54,63,125,63,43.6338517555,90.0,16.5582171936,
693,17.21,77,125,77,43.4350333972,90.0,16.3894103102,
694,17.21,60,125,60,44.4523766626,-93.7316942006,17.5380449317,
695,16.7,58,125,58,43.478257264,88.7680178223,16.9260467911,
696,16.42,67,125,67,42.8392368346,90.0,17.0313088074,
697,16.29,63,125,63,42.9907239425,-137.121096397,13.4116911685,
698,15.84,63,125,63,42.9572609306,90.0,16.9829528403,
699,15.78,66,125,66,42.9203360519,121.028668443,23.6316362124,
700,15.78,62,125,62,41.6163516396,88.9363454851,16.4059576372,
701,16.25,67,125,67,42.2314810153,89.2941661007,16.665834375,
702,16.64,55,125,55,44.0162031693,89.4452786077,16.4920933622,
703,16.58,58,125,58,43.5446107847,89.7077905449,16.8711663687,
704,16.58,59,125,59,44.0005035458,-109.128939531,15.8577446228,
705,15.82,58,125,58,43.7581271126,-49.2144511849,34.9249965879,
706,16.0,57,125,57,43.7905638905,90.0,17.006093821,
707,16.44,62,125,62,43.710245214,89.5787143737,16.3777150239,
708,15.4,65,125,65,44.5889481853,-91.0069454519,16.4347243413,
709,15.74,56,125,56,44.2731351003,90.4896945583,17.5508774781,
710,15.74,60,125,60,44.1752135402,89.4017485818,17.0050362004,
711,15.83,60,125,60,43.2973821125,89.5244091739,16.4299395573,
712,15.39,63,125,63,44.3813514486,-88.6240684195,26.643050225,
713,15.26,65,125,65,44.7545188758,-47.0334969313,30.6780165086,
714,15.26,61,125,61,44.8310566707,88.661557079,18.3481023573,
715,15.23,66,125,66,43.906080876,89.0741301145,19.1710103611,
716,15.28,61,125,61,43.9309138518,-106.157316934,18.1269691221,
717,15.13,55,125,55,43.1055979775,89.4382406815,17.8349675027,
718,15.6,65,125,65,43.0441082901,89.4233483714,17.6458232164,
719,15.6,55,125,55,43.3161623464,88.4889512844,17.1404540561,
720,15.32,66,125,66,43.1202220623,89.6154664683,15.6900549656,
721,15.14,63,125,63,43.8904596967,90.0978175939,15.3746426067,
722,15.21,66,125,66,43.7025027612,89.733941933,15.3653315362,
723,14.66,55,125,55,43.2603166417,-84.1877545277,32.3757020722,
724,14.66,69,125,69,43.367219488,89.6516984617,15.0252982481,
725,15.03,65,125,65,43.932754449,90.3237015249,15.289560482,
726,16.64,62,125,62,44.5259928449,89.6968505563,15.4164398971,
727,15.51,61,125,61,45.9599386369,89.0684443046,15.4694379425,
728,15.14,59,125,59,46.2085513777,-121.35717496,40.5261728697,
729,15.14,58,125,58,44.9921585875,89.329597994,15.9914475494,
730,14.88,59,125,59,45.5828288866,-80.7762477809,31.1436059397,
731,14.63,55,125,55,45.5957125308,28.1036188145,9.66707800689,
732,14.24,63,125,63,45.699542384,90.5196885138,20.7271619169,
733,13.86,57,125,57,45.6577549421,-172.544639986,21.2335192299,
734,13.86,69,125,69,43.1521636248,89.8294788606,15.6346149375,
735,14.16,69,125,69,42.276176269,89.8530841819,14.3037883233,
736,14.92,62,125,62,42.4537587174,90.2565469699,15.198551711,
737,14.76,60,125,60,43.364977616,90.3580939593,14.5593282452,
738,14.87,68,125,68,44.1171322787,90.1987149108,15.0930102032,
739,14.87,57,125,57,43.6852060159,90.1317977127,15.8959271173,
740,12.98,73,125,73,43.1423986834,89.2178520351,15.6483340491,
741,14.27,60,125,60,43.2357901247,-50.3646632872,31.3311881453,
742,13.55,70,125,70,42.8103782636,87.4014971543,14.2987953448,
743,14.2,68,125,68,42.9537415384,90.0,14.4155712318,
744,14.2,58,125,58,43.0883277516,90.593716364,14.5578119253,
745,13.68,63,125,63,42.4718140854,91.1865468313,14.2542151272,
746,13.15,63,125,63,43.5541063956,90.0,15.9220849556,
747,14.47,71,125,71,43.4521325639,-94.0726355322,33.1127178359,
748,13.96,56,125,56,43.8652136627,89.4890111426,14.5283612478,
749,14.32,60,125,60,43.3990791039,90.8069207585,13.1001494233,
750,14.32,68,125,68,43.1650423489,92.2380447613,15.6973008731,
751,13.14,69,125,69,43.4818631364,91.954720928,17.4040267132,
752,13.4,66,125,66,44.2418463356,90.1406114394,14.3032930727,
753,13.39,65,125,65,43.5654160954,90.5889201398,16.985492431,
754,13.37,57,125,57,44.4368351909,29.5630876101,22.9928545617,
755,13.37,58,125,58,44.6150344109,91.9433669012,19.3223613884,
756,13.28,63,125,63,43.962224994,-109.364195268,33.1241782811,
757,13.48,63,125,63,44.50756595,-41.578598225,40.2108482422,
758,12.87,66,125,66,43.252286719,-91.39678392,22.6552146013,
759,12.87,61,125,61,41.7327071559,89.1639424512,15.7410064277,
760,13.32,60,125,60,41.3647606462,89.5742393757,15.4456836244,
761,13.06,58,125,58,41.6978566032,89.6886129597,15.5427945623,
762,12.85,70,125,70,41.9921708399,89.3634008726,17.4631318873,
763,12.7,72,125,72,42.2459434143,89.4212755699,14.9217011094,
764,12.7,62,125,62,42.5441893962,89.9183820945,14.8652339004,
765,13.04,70,125,70,43.0423413993,-112.149774505,27.2546209049,
766,13.05,61,125,61,43.1069270298,88.6310326368,14.4100769486,
767,12.61,65,125,65,42.1762747996,89.0244972279,13.71498018,
768,12.38,67,125,67,42.1284049819,89.616546202,13.2509822805,
769,12.38,64,125,64,41.1726988054,89.5676155706,12.8945804066,
770,12.62,61,125,61,40.8415435699,88.8368151299,12.8924161637,
771,12.6,62,125,62,40.5893840422,90.0,12.7435184946,
772,12.5,70,125,70,40.8447253357,90.3871277542,12.7623615532,
773,12.36,66,125,66,41.9972164092,90.1924793542,15.6722389705,
774,12.36,61,125,61,43.2415847913,90.2877037878,16.4552007588,
775,12.8,59,125,59,43.3331680304,90.4176507534,13.4511168906,
776,12.83,65,125,65,42.7697798444,90.5413622731,13.5202416573,
777,13.02,68,125,68,41.6576848587,90.0,13.6628219624,
778,12.51,65,125,65,41.152500466,90.0,13.7492861816,
779,12.51,68,125,68,40.8463164045,88.8618229925,13.376829996,
780,13.04,60,125,60,41.8601568894,89.2309753174,13.4849801773,
781,12.68,67,125,67,42.475685091,89.4998157302,13.8767202584,
782,12.21,60,125,60,42.3894003861,89.5923974017,13.6683736389,
783,12.19,65,125,65,42.4464549558,89.5927703026,13.7751356919,
784,12.19,78,125,78,42.5623217819,89.4594888944,13.2684027738,
785,12.74,65,125,65,42.055327725,89.1884963056,13.0467386809,
786,12.55,61,125,61,43.4363828421,89.6186657747,12.3999206707,
787,12.4,68,125,68,44.047173477,91.1457707277,15.1662339856,
788,12.34,70,125,70,43.9037829464,89.3633964314,13.8288408508,
789,12.34,65,125,65,44.0319140002,90.0,13.5723631825,
790,12.45,62,125,62,43.0017429105,91.2730332717,13.8689423263,
791,12.19,68,125,68,42.2276543906,91.1609803737,13.7268038341,
792,12.12,66,125,66,43.2661178849,90.7440592029,13.7955255361,
793,11.59,61,125,61,42.8742691254,86.9413047331,13.5165639704,
794,11.59,55,125,55,43.7047796684,89.7869984076,13.5146395623,
795,12.22,68,125,68,43.06620667,90.3672756073,13.3735140123,
796,11.32,64,125,64,42.9797106202,90.0,12.9190478439,
797,12.86,71,125,71,43.6034597472,89.0759569921,12.8406646355,
798,11.8,61,125,61,43.6392995745,87.6812549773,13.0881863054,
799,11.8,64,125,64,43.09231196,88.4306419934,13.332436294,
800,12.78,59,125,59,43.3031933016,88.5627248045,13.6078307903,
801,12.24,66,125,66,42.9054083084,89.0833480744,13.1641846836,
802,12.85,67,125,67,41.7971678841,90.0,12.5854569855,
803,11.01,68,125,68,41.7310462849,89.3138520611,12.3858580601,
804,11.01,62,125,62,41.3647606462,89.590751392,12.2853133889,
805,11.7,64,125,64,41.495305652,88.3276056389,12.3050407964,
806,11.59,63,125,63,41.4506067913,88.7939491363,12.3649671421,
807,11.78,70,125,70,41.9078374166,87.6708851689,12.3177342988,
808,11.55,63,125,63,40.1637843532,87.9592017168,12.1451691878,
809,11.55,69,125,69,39.7202924353,89.2559355927,11.7909081573,
810,11.52,62,125,62,39.6605739681,90.0,11.6756666565,
811,11.68,59,125,59,40.0048070962,91.1806872171,11.7933730978,
812,12.02,63,125,63,40.5070645613,91.0709207615,11.4702293348,
813,12.21,63,125,63,39.6853409532,91.005163361,11.8284848091,
814,12.21,65,125,65,39.8868717607,92.1692575897,11.5913066805,
815,11.69,72,125,72,39.6684510186,91.306915315,11.6537071316,
816,10.99,69,125,69,40.8729852463,91.4514594465,12.0258699605,
817,10.98,71,125,71,41.8551441972,92.0095587813,12.5483808538,
818,10.52,76,125,76,42.199613651,91.3725314704,12.4548043307,
819,10.52,69,125,69,41.4920217239,90.5619639588,12.0102499265,
820,10.81,60,125,60,41.6754833966,90.8719689909,11.5792489959,
821,11.33,71,125,71,42.0132020474,91.1017022186,11.4648247871,
822,11.75,68,125,68,41.5730399445,90.7638970221,11.5834055059,
823,11.77,70,125,70,41.1456375444,90.1933693427,11.4960872677,
824,11.77,63,125,63,39.996795911,90.4407246845,11.39213907,
825,10.3,65,125,65,40.6405116031,90.5956053997,11.4976765222,
826,11.01,69,125,69,39.7677443823,91.259047259,11.4820844572,
827,10.79,69,125,69,40.3519621331,90.7848230842,11.5250304586,
828,11.04,64,125,64,41.9921708399,90.9114499287,11.6830084327,
829,11.04,69,125,69,42.383403563,90.1988166889,11.4087934341,
830,10.81,70,125,70,42.8983870803,85.5153909281,10.941739609,
831,11.16,61,125,61,42.4898848176,90.0,11.7515110293,
832,11.21,65,125,65,42.1440672005,90.1646275726,11.3365757915,
833,11.09,62,125,62,40.9196398084,91.3895305886,11.2959390698,
834,11.09,59,125,59,41.4370930933,90.4340506321,11.2675914948,
835,10.77,70,125,70,40.7281201752,89.1558340769,11.0971158992,
836,10.32,70,125,70,40.2350616337,88.440670093,10.8869280351,
837,10.55,71,125,71,39.6055220865,89.4382961378,10.9691009944,
838,10.63,69,125,69,39.8277862711,89.5329720206,11.058763127,
839,10.63,72,125,72,40.5023706751,88.5913712647,10.7701427718,
840,10.26,72,125,72,40.4839967569,87.7431467933,10.6844883683,
841,10.33,65,125,65,41.0072544534,88.406259733,10.6399916364,
842,10.83,70,125,70,40.2092184984,89.0289780689,10.5321084561,
843,10.76,69,125,69,41.7555575466,88.5853578248,10.6982150311,
844,10.76,62,125,62,41.3191212688,89.0451587461,10.3208927746,
845,10.48,76,125,76,41.3411133891,89.0246867782,10.4437246858,
846,10.65,63,125,63,42.1262893587,88.7880520373,11.3489327104,
847,9.92,70,125,70,41.9007202725,86.8667014137,11.2691801774,
848,10.66,59,125,59,42.4989259514,86.6981423818,10.9694086982,
849,10.66,59,125,59,41.3806766049,88.6140821492,10.9694088525,
850,9.68,60,125,60,40.5317253242,89.0289815804,10.6235500687,
851,9.94,63,125,63,41.0241001565,90.0,10.4337484153,
852,9.36,67,125,67,40.663758168,90.7793417971,10.2624566288,
853,10.39,63,125,63,40.7415710692,91.1423180063,10.6533725684,
854,10.39,72,125,72,40.3632234348,88.1978677565,9.64808696359,
855,10.51,60,125,60,40.7447372767,-126.869892533,12.0041994644,
856,10.23,77,125,77,40.440279224,89.4951946362,10.0039681948,
857,10.06,65,125,65,40.5152814806,89.2607086685,9.95848985021,
858,10.26,69,125,69,39.174207046,88.4792303389,9.91924385349,
859,9.49,65,125,65,39.7896254696,88.4290421987,9.94114993374,
860,9.49,60,125,60,40.3093039124,-112.099134482,33.8674996266,
861,9.49,64,125,64,40.5956697219,-22.2085934078,10.1034264158,
862,9.85,67,125,67,39.4353463271,86.8577625223,9.77608319461,
863,9.33,70,125,70,39.4305268304,86.1213544882,9.29592183865,
864,9.33,74,125,74,39.5148523247,87.9229000502,9.38430801883,
865,9.6,69,125,69,39.3731542238,88.958373324,9.43796496553,
866,9.39,64,125,64,39.1603084795,88.4377750832,8.68725,
867,9.11,68,125,68,38.0791487739,87.7897686407,9.4378851488,
868,9.36,75,125,75,38.2322206625,88.0021254564,9.14725144756,
869,9.36,69,125,69,38.2189823589,87.6466993806,9.37702293149,
870,9.72,72,125,72,38.0170221251,87.406512251,9.30837991876,
871,9.38,71,125,71,38.0170221251,89.0466583114,9.24744623566,
872,8.73,70,125,70,39.2265980828,91.0809241867,9.22514635219,
873,9.33,59,125,59,39.6354633252,90.6585414933,9.16170528324,
874,9.33,75,125,75,39.3513594656,86.7295211297,8.95737970893,
875,9.88,82,125,82,38.029776045,86.4964713293,9.11194858918,
876,8.69,64,125,64,39.1434970882,88.4088571542,8.9550182537,
877,8.53,62,125,62,39.218528804,90.0,9.0979193573,
878,9.17,71,125,71,39.0687519212,88.830872959,8.95419938191,
879,9.17,71,125,71,38.0909066141,88.058517674,8.86665879151,
880,8.47,70,125,70,38.7385843062,88.3275197782,8.74526373705,
881,8.45,75,125,75,37.9736539524,90.0,8.73400576973,
882,9.06,76,125,76,38.987767243,90.8425167783,8.5135590861,
883,9.41,64,125,64,38.9606056384,89.20983941,8.44667760769,
884,9.41,73,125,73,38.6803522848,90.0,8.72688104995,
885,8.98,68,125,68,38.8289576004,90.0,8.84520026779,
886,8.66,66,125,66,38.473499789,88.2902013604,8.49274889299,
887,8.41,71,125,71,38.5502339133,84.6770442643,8.114678909,
888,8.29,58,125,58,38.9320363117,86.5051557649,8.59630382942,
889,8.29,71,125,71,38.8952112467,88.2642954111,8.63716870091,
890,8.28,63,125,63,39.1131999813,86.7980540076,8.60576092586,
891,7.86,60,125,60,38.6621683904,88.7269649855,8.18953290264,
892,8.8,67,125,67,39.2570711892,88.1272202268,7.9651128583,
893,9.45,69,125,69,39.4806329245,89.1899901688,8.08299800491,
894,9.45,72,125,72,39.3853550435,88.2100893918,8.3404055432,
895,8.78,78,125,78,39.2806008728,85.9858140773,8.50356848216,
896,8.86,70,125,70,38.8379462012,85.683981793,8.15217658627,
897,8.78,72,125,72,39.2401766335,87.6140559696,8.27133939048,
898,9.04,73,125,73,39.408668527,87.8524154811,8.42992101401,
899,9.04,72,125,72,39.6890962254,88.806510576,8.486004903,
900,7.8,74,125,74,39.1161181419,90.0,8.46612029457,
901,7.64,74,125,74,39.1679880469,90.0,8.33823595483,
902,7.84,66,125,66,38.6607429256,90.0,8.10809946442,
903,7.84,65,125,65,39.2820724146,92.3215299257,8.19374308239,
904,7.84,74,125,74,38.1723729955,92.476184799,8.0493614524,
905,7.15,73,125,73,38.5757617563,92.2025940515,7.85410228984,
906,7.3,66,125,66,38.9486665181,92.0434422043,7.72399406072,
907,7.64,70,125,70,39.2603783475,90.3396787028,7.70575726792,
908,7.95,68,125,68,39.2493566529,90.0,7.54723459299,
909,7.95,78,125,78,39.8610950077,91.1125023165,7.86060532665,
910,7.82,62,125,62,40.1687847764,90.0,7.68978758797,
911,7.33,71,125,71,40.1027259081,90.0,7.54701015717,
912,7.74,76,125,76,39.5290037415,90.0,7.45631002448,
913,7.95,65,125,65,38.662524773,91.2946381204,7.5773885191,
914,7.95,83,125,83,38.3626535447,91.6135351782,7.46081442019,
915,7.76,76,125,76,38.3226950031,90.0,7.4238345518,
916,6.95,81,125,81,37.6164014995,88.0250728391,7.33323499818,
917,6.96,79,125,79,37.2175301916,89.1756140383,7.2883961574,
918,7.26,88,125,88,36.869112709,90.0,7.28193074318,
919,7.26,72,125,72,38.0139211137,91.6484306846,7.48000730122,
920,6.5,76,125,76,39.0622025611,90.6780486456,7.27912601759,
921,6.76,82,125,82,39.9423287528,90.0,7.1955,
922,6.78,79,125,79,39.4646593903,89.0869351706,7.16117474459,
923,7.73,73,125,73,39.3731542238,87.7973988109,6.85350436653,
924,7.73,79,125,79,39.0869561166,89.1448939228,6.9328053575,
925,6.96,66,125,66,39.2883276975,90.6820603932,7.28061284164,
926,6.49,64,125,64,38.4495168949,90.0,7.10829164603,
927,7.09,73,125,73,38.2207237172,87.8789007958,7.30898712324,
928,6.31,66,125,66,38.0518570936,87.0535442914,7.06766143207,
929,6.31,77,125,77,37.5699032605,87.7974018382,6.85349409061,
930,6.74,75,125,75,37.909129527,90.0,7.05588791524,
931,6.93,78,125,78,37.2482682676,90.8550952869,6.93447116315,
932,6.62,63,125,63,37.1858537321,90.0,6.93225,
933,6.61,76,125,76,37.072787859,89.8527136149,6.87986585609,
934,6.61,72,125,72,37.8100260522,90.0,6.84518688182,
935,7.0,80,125,80,38.0125430488,90.0,6.82344085693,
936,6.7,85,125,85,38.501399866,92.1210947333,6.82811723653,
937,6.43,83,125,83,38.3216445866,92.7263168484,6.84865063343,
938,6.99,69,125,69,38.4041020006,90.0,6.7223996517,
939,6.99,79,125,79,38.6949831171,88.9583774514,6.95094702976,
940,6.96,78,125,78,38.2629130252,90.0,6.84747157765,
941,6.71,79,125,79,38.4689125111,91.0709198434,6.94253630476,
942,5.85,83,125,83,38.0011778243,91.5074386765,6.81756133931,
943,6.28,78,125,78,37.7572691428,91.3019500606,6.60290899658,
944,6.28,87,125,87,36.4246982197,90.784824603,6.57193398148,
945,6.22,80,125,80,37.5884213828,91.1457645981,6.46687721399,
946,6.55,74,125,74,38.7432361282,91.3427123896,6.48531947585,
947,6.15,72,125,72,39.7549287231,91.9091545777,6.40695182931,
948,6.22,55,125,55,40.9956309683,91.6319301644,6.66453245876,
949,6.22,71,125,71,40.4593940212,91.6010207405,6.76187630211,
950,6.19,66,125,66,39.8168217201,90.0740299141,6.74598430707,
951,6.06,67,125,67,39.6182415839,91.8476049647,6.70184592598,
952,6.46,64,125,64,38.2071453297,91.5693548047,6.57557864861,
953,6.38,68,125,68,36.8512963793,90.0,6.43426081907,
954,6.38,69,125,69,35.8975359677,89.0608231477,6.36854569244,
955,6.35,82,125,82,34.8856691342,91.3639252384,6.21359125594,
956,5.94,79,125,79,34.6033280808,92.3859482392,6.19679515354,
957,5.94,83,125,83,34.0878384968,91.432093656,6.19292898907,
958,5.67,83,125,83,34.1064101417,90.8425242607,6.11575235602,
959,5.67,85,125,85,34.214916753,90.0,5.89545407867,
960,5.74,84,125,84,34.2831547371,91.6917810896,5.90056056721,
961,5.81,87,125,87,34.5042654184,91.3019548666,5.94026346522,
962,5.88,71,125,71,35.1641040259,91.4881154189,5.818301697,
963,6.09,78,125,78,34.9467088819,91.0230275178,5.98534256308,
964,6.09,74,125,74,35.7579818751,92.5261169116,6.07054498216,
965,6.02,74,125,74,35.9958119497,92.862410071,6.22430355472,
966,6.08,81,125,81,35.9141342786,90.0,6.06528224945,
967,5.9,70,125,70,36.1833710036,89.4525389733,5.96732259285,
968,6.23,69,125,69,35.7001540596,88.531201945,5.97280416241,
969,6.23,69,125,69,35.8861719057,89.6772152163,5.87990481428,
970,5.62,72,125,72,36.1415917003,89.1815445383,6.00463009644,
971,5.2,72,125,72,36.6433170544,87.6140498804,6.06659635263,
972,5.38,77,125,77,36.2581280959,87.4552050458,6.01040690213,
973,6.0,73,125,73,36.8432037385,88.9949036829,6.03215655949,
974,6.0,77,125,77,36.7973048849,91.0080512396,6.00520476355,
975,6.35,80,125,80,36.7283490079,91.4687977226,5.94026346522,
976,5.81,84,125,84,37.0675457124,90.8680514497,5.86298746548,
977,5.55,70,125,70,38.0097872186,91.0121848403,5.93231456992,
978,5.84,75,125,75,38.2423297501,90.0,5.81256182098,
979,5.84,74,125,74,37.9867228185,90.0,5.89612757492,
980,5.68,77,125,77,37.8100260522,88.2376089763,5.82551069014,
981,5.82,75,125,75,37.8199130764,87.3974325884,5.7152109394,
982,5.5,78,125,78,37.5981928359,89.1449026037,6.02646315765,
983,5.16,68,125,68,37.7616882591,88.9769725983,5.9402647754,
984,5.16,73,125,73,38.2276907372,88.5311896455,5.88835160377,
985,5.26,74,125,74,37.847214452,90.0,6.02646315765,
986,6.12,67,125,67,37.4434594749,92.6025799365,5.94026346522,
987,5.74,72,125,72,37.4799299425,92.9609158306,6.0728565454,
988,5.56,67,125,67,36.6381956516,92.489552922,5.97280416241,
989,5.56,78,125,78,37.001164473,91.0230274888,5.98854103171,
990,5.75,79,125,79,36.1468867152,90.8069294551,6.0665956833,
991,5.53,71,125,71,36.825412434,88.8065087322,6.06659702197,
992,5.59,78,125,78,36.4389383606,87.8788977074,5.81805176115,
993,5.39,70,125,70,35.9816073022,88.7546337257,5.88186881973,
994,5.39,79,125,79,36.3874102093,90.0,5.967,
995,5.29,80,125,80,36.1117195303,90.0,5.7915,
996,5.38,73,125,73,35.9012231552,91.684678123,5.96958032444,
997,5.3,69,125,69,36.0738281586,90.0,5.89720137937,
998,5.23,84,125,84,36.3530339669,88.9190854064,5.73423274489,
999,5.23,76,125,76,37.1594978427,88.976985604,5.76401093376,
1000,5.57,85,125,85,37.4407855389,87.8181595899,5.62045402735,
1001,5.38,74,125,74,37.7385843208,88.4518452554,5.52894638471,
1002,5.64,70,125,70,37.9736539524,88.223849184,5.5818938509,
1003,5.88,74,125,74,38.4555098149,90.0,5.61874151835,
1004,5.88,79,125,79,38.3935557691,90.2754526663,5.67920146862,
1005,5.56,80,125,80,38.3125433885,90.428416647,5.79183253466,
1006,5.69,72,125,72,37.9880990119,91.5017859352,5.79245718876,
1007,4.93,77,125,77,37.7970784634,91.6724833434,5.78128084716,
1008,4.85,80,125,80,37.1924485471,90.74317337,5.68690218349,
1009,4.85,74,125,74,37.2244666122,90.0,5.66238822556,
1010,5.26,79,125,79,36.5912096732,88.876686086,5.43494894807,
1011,5.0,72,125,72,36.6100535058,87.3574547059,5.35445141497,
1012,5.41,77,125,77,36.6378756115,88.0746768445,5.46178446318,
1013,5.37,82,125,82,36.2252470117,90.0,5.40844586852,
1014,5.37,73,125,73,36.5762123604,90.9096095315,5.51750794911,
1015,5.54,78,125,78,36.208359951,91.0895526834,5.53025644644,
1016,5.54,85,125,85,36.4763321071,90.0,5.5598403883,
1017,5.65,79,125,79,37.0276230413,90.0,5.79183370625,
1018,4.98,77,125,77,37.0947554612,89.8754471525,5.76201612854,
1019,4.98,67,125,67,37.4434594749,88.9190649239,5.68717381569,
1020,4.95,81,125,81,36.4937876309,90.8550973963,5.68717649315,
1021,5.33,77,125,77,37.1249623821,92.2025922429,5.56557928645,
1022,5.35,76,125,76,36.8772167369,90.0,5.27142320559,
1023,4.32,83,125,83,35.6682767535,86.8201623727,5.1693616629,
1024,4.32,81,125,81,36.2067971306,86.9335144989,5.10781501152,
1025,4.82,76,125,76,36.4205864731,90.0,5.26536559961,
1026,5.08,80,125,80,36.2346355202,88.0250579774,5.16936299935,
1027,4.6,81,125,81,35.6849672869,87.9174347203,4.9852730272,
1028,4.54,76,125,76,35.7808602481,87.0548824936,4.85434286118,
1029,4.54,80,125,80,35.3621448444,88.1333975146,4.8810100414,
1030,4.23,77,125,77,35.8346632948,90.0,4.7385,
1031,4.58,70,125,70,36.6433170544,90.0,4.73092015457,
1032,4.67,75,125,75,37.2274401555,88.7263552233,4.63439671328,
1033,4.3,78,125,78,37.076720442,88.9290820615,4.55259736834,
1034,4.3,79,125,79,36.9086941218,90.0,4.54983766311,
1035,4.44,86,125,86,36.7325305425,90.8229990977,4.55110293378,
1036,4.06,80,125,80,36.833820727,92.4177083574,4.55148616794,
1037,3.91,76,125,76,37.1292347187,90.0,4.50200503877,
1038,4.24,84,125,84,37.2383472131,90.0,4.45434349823,
1039,4.24,81,125,81,37.419407792,90.0,4.48930550539,
1040,4.04,76,125,76,37.0315460477,88.6551692132,4.39994151572,
1041,4.42,80,125,80,36.4326080347,88.5678892539,4.45434215927,
1042,4.73,71,125,71,37.0891791276,90.0,4.43937320204,
1043,4.27,79,125,79,37.2853536251,92.8624122355,4.3897431658,
1044,4.27,81,125,81,37.637667244,92.8624315114,4.37245718876,
1045,4.06,85,125,85,37.7019478827,90.0,4.14865252304,
1046,3.63,80,125,80,38.0373635143,87.8789077617,4.09406451416,
1047,3.95,84,125,84,38.1300363636,88.0434557814,4.03888355387,
1048,4.13,80,125,80,37.9822508784,90.0,4.03697684584,
1049,4.13,79,125,79,37.5406481871,89.0504315873,3.93030182648,
1050,3.48,82,125,82,36.433873924,87.3974419267,3.82545770842,
1051,3.47,76,125,76,35.7549336357,89.4270836458,3.77427021091,
1052,3.56,79,125,79,35.7424412857,90.0,3.77427021091,
1053,3.79,84,125,84,35.5693654119,90.0,3.78202285767,
1054,3.79,72,125,72,35.4296526558,92.048021858,3.66880890548,
1055,3.15,84,125,84,34.8433574799,92.8624052261,3.58174849383,
1056,3.42,72,125,72,34.9455442245,91.789904922,3.40626149368,
1057,3.74,81,125,81,34.6464893441,90.0,3.27525107574,
1058,3.45,82,125,82,34.5936244794,88.0908297777,3.18787973596,
1059,3.45,83,125,83,34.6381917433,90.0,3.24675,
1060,3.25,82,125,82,33.4938750739,90.0,3.15900033474,
1061,3.15,84,125,84,33.7768185735,90.0,3.07197660251,
1062,2.89,76,125,76,33.9903239139,87.8789355399,2.89707924037,
1063,2.57,80,125,80,33.9292827154,87.7973760106,2.73982402524,
1064,2.57,74,125,74,33.664582514,90.0,2.65356014729,
1065,2.84,78,125,78,33.6532379065,90.0,2.52719892883,
1066,2.05,80,125,80,33.5085922458,94.668755306,2.19591447751,
1067,1.83,83,125,83,33.2989623608,94.7636416907,2.03060606744,
1068,1.64,79,125,79,33.3299216478,95.7750750696,1.89960921501,
1069,1.64,86,125,86,33.4425999458,95.7105731003,1.5830061799,
1070,1.68,90,125,90,33.3566935208,90.0,1.46493467331,
1071,1.38,90,125,90,33.5469174905,90.0,1.31317575073,
1072,1.7,81,125,81,33.5592645341,80.537677792,1.10680959777,
1073,0.61,89,125,89,33.5896339364,75.9637909779,0.900280712145,
1074,0.61,86,125,86,33.5268059119,75.9637565321,0.723605037296,
1075,0.88,90,125,90,33.7254876735,90.0,0.545874732971,
1076,0.81,96,125,96,33.111532146,90.0,0.363918273926,
1077,0.18,94,125,94,32.97279195,90.0,0.252720428467,
1078,0.59,97,125,97,32.9748657594,135.0,0.17869843515,
1079,0.59,99,125,99,33.04032455,-135.0,0.148915362619,
1080,0.32,97,125,97,32.9759027619,-90.0,0.218349357605,
1081,0.41,100,125,100,32.9305948119,-90.0,0.26325,
1082,0.3,94,125,94,33.0000314713,-90.0,0.33345160675,
1083,0.41,93,125,93,33.0228954744,-90.0,0.3790806427,
1084,0.41,91,125,91,33.0437084423,-90.0,0.3790806427,
1085,0.54,95,125,95,32.9303362671,-90.0,0.421198928833,
1086,0.56,90,125,90,33.2923545847,-90.0,0.436700723648,
1087,0.32,87,125,87,33.4773003001,-90.0,0.480167341232,
1088,0.85,90,125,90,33.2677966639,-90.0,0.42895016098,
1089,0.85,93,125,93,33.332305516,-90.0,0.421200267792,
1090,0.46,101,125,101,32.9836823604,-90.0,0.3790806427,
1091,0.58,98,125,98,33.1903996961,-90.0,0.252720428467,
1092,0.47,100,125,100,32.768512008,0.0,0.0,
1093,0.2,104,125,104,32.82672907,0.0,0.0,
1094,0.2,97,125,97,32.8828330184,0.0,0.0,
1095,0.3,107,125,107,32.8838642404,0.0,0.0,
1096,0.34,102,125,102,32.8895371176,0.0,0.0,
1097,0.21,109,125,109,32.9001145224,0.0,0.0,
1098,0.08,112,125,112,32.403461063,0.0,0.0,
1099,0.08,107,125,107,32.9836823604,0.0,0.0,
1100,0.38,106,125,106,32.9078583982,0.0,0.0,
1101,0.12,109,125,109,32.9707184014,0.0,0.0,
1102,0.09,111,125,111,32.8547570929,0.0,0.0,
1103,0.7,109,125,109,32.9945799671,0.0,0.0,
1104,0.7,110,125,110,32.8720090913,0.0,0.0,
1105,0.24,110,125,110,32.8751009147,0.0,0.0,
1106,0.14,113,125,113,32.836494876,0.0,0.0,
1107,0.21,112,125,112,32.5733234963,0.0,0.0,
1108,0.13,109,125,109,32.3949518822,0.0,0.0,
1109,0.13,115,125,115,32.4991205573,0.0,0.0,
1110,0.1,115,125,115,32.8149150739,0.0,0.0,
1111,0.15,113,125,113,32.8149150739,0.0,0.0,
1112,0.12,113,125,113,32.9751250039,0.0,0.0,
1113,0.19,111,125,111,32.8946959775,0.0,0.0,
1114,0.19,115,125,115,32.943527231,0.0,0.0,
1115,0.16,112,125,112,32.9969161055,0.0,0.0,
1116,0.15,109,125,109,33.0754987777,0.0,0.0,
1117,0.17,106,125,106,33.0054847772,0.0,0.0,
